1_x,1_y,1_z,2_x,2_y,2_z,3_x,3_y,3_z,4_x,4_y,4_z,5_x,5_y,5_z,6_x,6_y,6_z,7_x,7_y,7_z,8_x,8_y,8_z,9_x,9_y,9_z,10_x,10_y,10_z,11_x,11_y,11_z,12_x,12_y,12_z,13_x,13_y,13_z,14_x,14_y,14_z,15_x,15_y,15_z,16_x,16_y,16_z,17_x,17_y,17_z,18_x,18_y,18_z,19_x,19_y,19_z,20_x,20_y,20_z,21_x,21_y,21_z,22_x,22_y,22_z,23_x,23_y,23_z,24_x,24_y,24_z,25_x,25_y,25_z,26_x,26_y,26_z
-202.189,-306.736,2333.39,-208.52,-489.574,2300.12,-201.593,-638.043,2302.87,-192.66,-861.654,2336.37,-168.148,-825.366,2331.6,-45.3301,-807.063,2249.25,3.50095,-523.959,2228.62,-225.213,-460.656,2182.56,-216.209,-822.241,2354.33,-341.052,-790.643,2401.28,-386.535,-501.254,2418.96,-609.686,-494.364,2318.54,-109.996,-305.734,2310.33,-100.331,103.723,2390.07,-97.7206,460.133,2568.9,-13.336,614.922,2484.96,-285.324,-307.635,2354.17,-353.027,92.4099,2258.72,-369.447,494.098,2231.18,-434.378,612.947,2113.14,-204.362,-944.315,2319.67,-257.253,-1031.99,2187.13,-211.832,-1058.99,2211.85,-116.49,-1028.64,2298.15,-281.447,-1051.98,2230.98,-304.322,-1007.57,2358.07
-202.696,-306.853,2335.46,-208.99,-489.776,2302.32,-202.22,-638.296,2305.22,-193.394,-862.006,2338.56,-168.866,-825.67,2334.11,-44.5471,-808.772,2253.66,-0.488441,-524.414,2239.21,-226.976,-459.559,2184.69,-217.205,-822.631,2356.3,-342.516,-791.056,2402.13,-386.914,-501.493,2421.16,-607.71,-489.9,2315.9,-110.338,-305.954,2312.94,-100.686,103.485,2393.44,-98.0826,461.049,2570.24,-13.4012,617.47,2489.55,-285.979,-307.66,2355.75,-353.344,92.824,2261.35,-369.781,494.629,2233.69,-436.952,619.211,2122.96,-204.803,-944.687,2321.62,-256.64,-1031.52,2188.05,-211.74,-1058.96,2213.28,-117.276,-1029.63,2300.95,-281.565,-1051.49,2231.53,-305.768,-1007.32,2358.51
-203.398,-307.602,2336.99,-210.263,-489.996,2301,-203.494,-638.528,2304.53,-195.77,-862.339,2337.72,-171.061,-826.111,2333.33,-44.951,-809.038,2255.71,-5.78118,-523.617,2249.55,-229.203,-453.276,2189.3,-219.423,-822.859,2355.46,-348.237,-786.944,2385.84,-385.778,-499.812,2434.37,-603.949,-485.272,2324.03,-110.852,-306.784,2315.19,-100.184,102.578,2396.31,-98.7885,461.986,2569.5,-12.9322,612.491,2479.28,-286.852,-308.336,2356.64,-352.543,92.9587,2264.21,-371.484,494.357,2231.7,-433.391,613.419,2112.13,-207.549,-944.966,2320.7,-263.416,-1027.47,2185.98,-216.628,-1054.66,2207.84,-118.861,-1026.4,2292.21,-285.681,-1049.99,2229.65,-304.928,-1012.02,2359.48
-204.914,-308.313,2342.22,-212.327,-490.822,2305.17,-205.727,-639.616,2309.41,-196.865,-863.856,2342.27,-172.292,-827.429,2337.94,-44.9542,-810.884,2261.69,-6.93437,-524.732,2257.93,-228.556,-449.898,2194.73,-220.762,-824.454,2360.1,-350.544,-786.166,2383.9,-386.643,-499.37,2438.4,-605.355,-481.391,2328.64,-112.133,-307.703,2320.65,-100.271,102.4,2401.82,-98.5612,463.575,2573.01,-9.14653,607.481,2475.03,-288.579,-308.859,2361.67,-353.383,92.7347,2266.49,-371.606,494.793,2232.55,-432.164,613.379,2111.33,-208.246,-946.663,2325.07,-265.377,-1029.69,2190.82,-217.935,-1056.52,2212,-119.047,-1027.37,2295.14,-286.832,-1052.52,2234.86,-304.589,-1014.81,2365.24
-205.137,-308.59,2344.87,-212.575,-491.326,2308.29,-206.149,-640.217,2313.02,-197.178,-864.681,2345.43,-172.618,-828.166,2341.47,-45.2264,-810.174,2265.43,-7.20337,-523.844,2259.99,-229.11,-450.01,2195.97,-221.378,-825.349,2363.1,-351.127,-786.744,2387.12,-398.646,-505.923,2461.48,-605.977,-481.953,2332.13,-112.184,-308.145,2323.75,-100.25,102.275,2404.82,-98.6553,463.927,2575.66,-10.4162,609.188,2478.34,-288.957,-308.988,2363.92,-353.516,92.6775,2267.59,-371.596,494.916,2232.35,-432.875,613.253,2111.06,-208.194,-947.525,2327.87,-265.421,-1029.87,2193.09,-217.757,-1056.65,2213.94,-118.665,-1027.65,2297.03,-286.647,-1053.14,2237.06,-304.166,-1016.45,2367.86
-206.258,-311.245,2344.71,-214.113,-493.906,2307.52,-207.441,-642.799,2313.35,-198.154,-867.023,2347.8,-173.623,-830.544,2343.21,-47.024,-807.761,2267.03,25.7484,-528.837,2246.47,-200.747,-454.522,2201.64,-222.146,-827.501,2365.38,-350.541,-783.68,2387.95,-394.569,-499.908,2453.08,-605.958,-472.6,2331.01,-113.393,-310.831,2323.06,-100.876,99.1726,2406.84,-98.7235,461.698,2576.13,-10.3503,612.888,2488.3,-289.998,-311.616,2364.24,-353.187,90.8653,2269.8,-372.086,492.96,2231.88,-432.44,612.375,2111.1,-209.398,-950.054,2331.15,-268.78,-1029.44,2195.46,-221.074,-1056.97,2215.27,-120.804,-1030.28,2297.79,-289.694,-1053.39,2239.24,-305.47,-1019.03,2370.95
-205.544,-310.982,2347.08,-213.351,-493.035,2308.99,-206.852,-641.641,2313.73,-198.475,-865.579,2346.92,-173.868,-829.212,2342.83,-47.0984,-804.704,2268.14,41.0981,-531.432,2241.89,-187.675,-466.495,2196.98,-222.526,-826.193,2364.41,-350.479,-783.121,2388.98,-395.801,-501.318,2458.65,-605.027,-472.971,2334.22,-112.82,-310.5,2325.76,-100.213,98.819,2408.21,-98.3667,461.523,2575,-8.83437,612.669,2489.26,-289.158,-311.414,2366.3,-353.812,89.5045,2270.35,-372.585,490.898,2234.6,-434.971,616.322,2121.8,-209.686,-948.303,2329.7,-265.786,-1029.82,2194.35,-219.283,-1057.53,2216.28,-121.531,-1030.43,2301.18,-288.42,-1052.35,2237.88,-307.839,-1014.72,2367.87
-205.919,-311.786,2348.88,-213.429,-493.99,2310.77,-206.744,-642.708,2315.21,-198.387,-866.784,2348.63,-173.764,-830.377,2344.63,-47.668,-804.893,2268.91,44.6231,-532.503,2245.34,-183.228,-465.923,2197.28,-222.565,-827.37,2365.99,-350.29,-784.264,2392.2,-397.61,-503.339,2464.94,-601.601,-463.984,2334.59,-113.131,-311.146,2327.53,-100.676,98.8611,2408.14,-97.6067,461.278,2576.24,-12.94,607.947,2478.32,-289.59,-312.36,2368.13,-353.469,89.1813,2272.91,-373.546,490.543,2234.22,-433.612,607.354,2111.17,-209.471,-949.589,2331.41,-267.962,-1031.72,2197.28,-220.813,-1059.13,2218.29,-121.388,-1031.31,2301.15,-289.562,-1054.32,2241.34,-306.485,-1016.57,2371.75
-206.411,-311.992,2349.1,-214.286,-493.382,2309.13,-207.778,-641.792,2313.76,-199.045,-865.237,2348.08,-174.555,-828.838,2344.22,-47.6733,-805.425,2269.76,44.7365,-533.428,2249.76,-178.684,-471.431,2181.54,-223.496,-825.921,2364.98,-351.304,-784.26,2391.62,-397.966,-504.273,2465.91,-598.932,-462.552,2332.59,-113.675,-311.461,2328.42,-100.231,97.6912,2408.69,-97.832,459.75,2575.6,-14.2542,613.784,2489.59,-290.036,-312.468,2367.75,-353.007,88.9387,2275.22,-372.142,489.804,2239.84,-429.039,613.003,2122.17,-209.636,-947.974,2331.11,-269.948,-1034.61,2201.13,-222.437,-1061.08,2222.2,-121.938,-1030.19,2302.18,-290.66,-1055.75,2246.19,-305.478,-1013.75,2375.26
-206.176,-311.853,2350.05,-213.811,-493.843,2311.54,-207.333,-642.454,2316.61,-200.497,-866.374,2350.42,-175.675,-830.092,2346.85,-50.1434,-805.193,2270.19,47.0864,-534.612,2247.96,-177.63,-471.977,2183.45,-224.828,-826.87,2367.26,-352.637,-784.421,2393.67,-396.903,-504.988,2473.02,-594.472,-462.755,2334.24,-113.274,-311.398,2329.49,-100.336,98.403,2409.66,-97.2193,461.15,2576.43,-13.0712,609.898,2481.49,-289.95,-312.26,2368.6,-352.327,89.9229,2276.33,-372.767,490.885,2236.43,-431.16,609.651,2114.62,-211.572,-949.103,2333.1,-261.177,-1031,2195.44,-215.804,-1058.67,2219.67,-122.214,-1031.39,2309.1,-285.901,-1053.38,2237.9,-311.517,-1015.34,2366.7
-206.69,-311.614,2351.17,-214.305,-493.456,2313.06,-208.298,-641.938,2317.07,-200.774,-865.698,2349.94,-176.098,-829.363,2346.57,-50.3431,-805.477,2270.31,48.5111,-535.569,2251.93,-174.505,-471.699,2183.93,-225.241,-826.393,2366.88,-351.007,-788.27,2405.84,-390.387,-503.546,2465.09,-598.235,-464.155,2341.89,-113.807,-311.286,2331.05,-100.86,98.0658,2410.88,-97.9019,460.474,2577.23,-12.6604,612.236,2488.74,-290.446,-311.906,2369.31,-352.435,90.0352,2278.02,-372.974,490.448,2237.61,-433.525,607.96,2115.96,-211.522,-948.292,2332.29,-264.173,-1033.33,2197.95,-217.967,-1060.1,2221.44,-122.279,-1030.25,2307.53,-287.489,-1054.99,2241.48,-309.81,-1014.52,2369.98
-206.878,-311.62,2353.44,-214.69,-493.552,2314.28,-208.374,-642.255,2318.86,-200.884,-866.401,2351.72,-176.154,-830.019,2348.28,-50.8866,-805.666,2270.89,47.9461,-535.343,2250.97,-176.417,-471.39,2186.11,-225.321,-827.019,2368.76,-353.385,-786.05,2396.56,-390.652,-507.357,2482.35,-586.077,-459.667,2342.12,-113.917,-311.198,2332.93,-100.287,99.3913,2409.91,-97.2053,461.636,2578.21,-15.0558,606.346,2475.42,-290.705,-311.997,2371.93,-352.064,90.4518,2279.26,-373.301,491.2,2235.9,-428.414,597.144,2101.28,-211.749,-949.124,2334.05,-264.265,-1033.55,2198.92,-218.406,-1060.83,2222.74,-122.931,-1031.99,2309.74,-288.141,-1055.11,2242.31,-311.085,-1014.63,2370.94
-206.359,-311.338,2353.5,-214.091,-492.562,2314.09,-207.984,-640.772,2318.28,-202.098,-864.308,2350.24,-177.202,-828.207,2346.99,-51.2385,-805.775,2271.15,47.2912,-536.268,2253.12,-175.308,-471.293,2186.32,-226.219,-824.958,2367.31,-353.232,-784.562,2398.27,-390.266,-508.595,2489.35,-583.042,-459.725,2347.34,-113.605,-310.963,2333.58,-99.939,98.6132,2408.11,-98.246,459.603,2575.87,-13.8587,611.932,2488.31,-289.999,-311.672,2371.46,-350.011,90.5317,2283.42,-374.119,489.095,2234.67,-432.911,607.211,2113.21,-213.449,-946.608,2332.31,-268.857,-1033.91,2200.94,-221.738,-1059.76,2223.36,-124.12,-1027.67,2306.06,-290.579,-1055.23,2245.34,-309.593,-1013.38,2373.68
-205.604,-310.955,2351.4,-213.303,-492.488,2314.59,-207.327,-640.507,2319.05,-202.119,-863.801,2350.8,-177.154,-827.805,2347.68,-50.7087,-805.733,2272.91,47.7858,-536.853,2251.45,-176.102,-472.062,2190.11,-226.175,-824.456,2367.8,-352.355,-783.371,2400.45,-395.206,-512.332,2501.98,-577.492,-455.481,2349.97,-113.104,-310.716,2330.87,-99.9117,97.7122,2408.76,-95.7082,459.41,2573.74,-14.5462,611.465,2483.25,-289.014,-311.167,2369.9,-350.291,90.5901,2283.19,-374.001,488.94,2236.75,-437.292,618.661,2130.7,-213.594,-945.953,2332.79,-267.138,-1036.29,2202.97,-221.112,-1062.17,2227.35,-125.174,-1029.17,2311.38,-290.305,-1055.81,2247.38,-311.771,-1009.7,2373.67
-206.347,-311.318,2355.09,-214.032,-492.95,2317.45,-208.288,-641.196,2321.75,-202.964,-865.054,2351.76,-177.99,-828.954,2349.04,-52.2721,-806.471,2272.76,47.0965,-537.588,2249.92,-174.99,-469.973,2183.9,-227.181,-825.819,2368.98,-353.687,-786.332,2403.12,-393.07,-514.396,2504.87,-574.385,-455.412,2351.95,-113.519,-311.173,2335.44,-99.938,98.4887,2409.9,-96.5097,460.576,2575.4,-14.5863,611.281,2482.77,-290.055,-311.445,2372.81,-349.539,90.5552,2283.18,-372.885,489.068,2233.11,-431.259,610.165,2114.37,-214.273,-947.187,2332.99,-268.784,-1036.49,2202.55,-221.559,-1061.76,2225.43,-124.353,-1028.03,2307.99,-290.498,-1057.38,2247.17,-310.126,-1014.05,2374.94
-206.32,-311.36,2355.18,-214.099,-493.043,2317.61,-208.381,-641.312,2322.15,-203.205,-865.099,2353.04,-178.202,-829.019,2350.18,-52.4719,-806.663,2273.83,46.1113,-537.523,2249.91,-176.052,-470.75,2183.12,-227.402,-825.773,2370.11,-353.885,-785.881,2403.97,-391.476,-512.997,2504.01,-575.42,-455.342,2353.68,-113.48,-311.265,2335.49,-99.7111,98.5732,2409.4,-96.3769,460.841,2574.7,-13.3267,611.087,2482.24,-290.037,-311.442,2372.93,-349.416,90.6436,2283.22,-372.925,489.126,2232.36,-431.155,607.099,2110.4,-214.569,-947.314,2334.59,-268.277,-1037.32,2204.26,-221.442,-1062.71,2227.83,-124.878,-1028.91,2311.16,-290.59,-1057.73,2248.81,-311.289,-1013.27,2376.06
-206.308,-311.823,2356.22,-214.079,-493.574,2318.83,-208.796,-641.875,2323.66,-204.292,-865.773,2354.14,-179.201,-829.719,2351.63,-54.4037,-806.121,2274.08,47.7027,-538.244,2250.16,-175.874,-472.034,2187.5,-228.617,-826.439,2371.04,-354.788,-787.773,2407.48,-391.223,-512.786,2502.2,-570.126,-450.188,2347.74,-113.211,-311.993,2337.7,-99.2391,98.3439,2409.18,-97.8537,460.483,2574.96,-12.4469,612.944,2488.39,-290.257,-311.666,2372.92,-350.479,90.1485,2282.23,-372.264,489.317,2235.59,-432.964,615.782,2123.71,-215.581,-947.946,2335.4,-270.766,-1038.8,2206.24,-223.034,-1063.47,2228.78,-125.174,-1028.18,2309.98,-291.784,-1059.55,2251.28,-310.364,-1015.38,2378.98
-206.911,-312.604,2357.51,-214.364,-494.542,2319.73,-209.059,-643.025,2325.07,-204.476,-867.227,2355.54,-179.407,-831.058,2353.47,-54.567,-806.367,2275.94,46.3747,-537.646,2251.92,-175.504,-471.076,2182.7,-229.217,-827.913,2372.07,-356.541,-788.144,2403.69,-393.536,-510.471,2491.29,-571.116,-447.847,2334.82,-113.498,-312.786,2339.96,-99.9437,97.8404,2413.08,-97.9238,461.423,2576.96,-14.273,611.334,2483.88,-291.145,-312.437,2373.34,-350.475,90.2148,2283.21,-372.439,489.814,2235.71,-432.484,606.975,2113.44,-215.249,-949.528,2336.54,-262.023,-1036.37,2201.16,-216.553,-1062.53,2226.7,-124.486,-1031.03,2316.11,-286.842,-1057.77,2244,-314.426,-1016.16,2371.12
-208.089,-313.347,2359.14,-216.228,-495.741,2320.98,-211.23,-644.614,2327.81,-203.561,-869.211,2359.7,-178.878,-832.659,2357.04,-52.1861,-808.338,2281.58,47.2819,-538.043,2258.87,-173.182,-472.05,2182.45,-228.6,-829.968,2376.39,-359.355,-793.85,2398.81,-384.275,-505.507,2452.61,-584.777,-448.077,2323,-114.356,-313.898,2341.78,-99.4582,98.2991,2412.84,-100.851,462.62,2577.97,-8.56958,612.053,2491.28,-292.612,-312.846,2374.8,-354.406,89.2076,2278.18,-373.163,490.801,2236.31,-432.968,608.379,2113.55,-213.665,-951.996,2341.32,-260.204,-1042.07,2207.36,-212.29,-1065.56,2231.39,-118.84,-1028.42,2317.72,-282.293,-1064.81,2251.2,-307.833,-1024.34,2379.55
-208.014,-313.791,2360.13,-215.946,-496.751,2323.59,-210.773,-645.754,2331.27,-202.306,-870.773,2361.89,-177.75,-834.039,2359.71,-47.6286,-809.903,2289.89,45.4394,-536.552,2272.99,-174.634,-472.575,2192.9,-227.746,-831.712,2378.57,-358.701,-790.981,2390.43,-403.028,-507.109,2456.12,-581.474,-447.982,2297.69,-114.207,-314.346,2342.55,-100.139,98.1543,2414.93,-100.177,463.297,2579.4,-10.2165,610.712,2486.51,-292.603,-313.287,2375.99,-354.657,88.6222,2276.82,-372.212,490.819,2235.58,-429.322,605.805,2108.83,-211.81,-953.589,2342.86,-254.173,-1037.17,2203.19,-206.652,-1061.55,2227.27,-115.671,-1028.16,2317.91,-277.233,-1062.28,2245.27,-306.458,-1028.51,2374.94
-204.487,-317.431,2362.38,-211.245,-499.898,2324.82,-207.704,-648.564,2334.58,-198.667,-872.569,2369.25,-174.672,-835.496,2369.01,-37.3921,-802.565,2320.22,48.9338,-527.05,2316.45,-167.713,-478.116,2219.48,-226.265,-833.823,2382.65,-357.527,-793.53,2377.23,-434.484,-515.621,2435.57,-580.051,-480.661,2241.1,-109.804,-318.773,2351.86,-96.2071,93.7155,2420.04,-100.98,461.059,2577.69,-10.0363,608.802,2487.03,-289.867,-316.218,2371.86,-354.61,83.8175,2269.97,-370.356,486.061,2236.06,-429.749,605.059,2114.62,-204.804,-955.645,2350.65,-233.106,-1035.9,2205.91,-187.339,-1059.92,2233.27,-105.359,-1027.32,2332.08,-259.036,-1062.63,2245.09,-299.912,-1033.27,2372.41
-203.908,-317.421,2363.06,-209.583,-499.095,2323.48,-206.997,-647.586,2331.21,-200.724,-871.352,2364.89,-176.64,-834.467,2366.1,-34.9664,-805.032,2330.33,64.2408,-534.794,2342.73,-145.604,-487.44,2232.24,-228.743,-832.637,2377.07,-359.641,-793.405,2365.68,-439.78,-515.561,2416.43,-570.768,-500.156,2210.08,-109.06,-318.996,2356.69,-95.1531,93.4853,2419.22,-103.612,458.934,2578.97,-11.5211,603.56,2485.38,-289.437,-315.997,2368.8,-354.769,82.5599,2265.1,-370.352,484.232,2234.65,-428.174,607.684,2117.54,-206.253,-954.117,2345.56,-227.882,-1037.75,2202,-182.291,-1059.76,2231.03,-104.369,-1022.82,2331.22,-254.025,-1064.49,2240.88,-299.304,-1034.1,2366.14
-202.77,-316.973,2365.52,-208.022,-497.638,2324.83,-206.42,-645.508,2333.12,-200.223,-867.992,2369.07,-176.625,-831.048,2371.2,-32.2688,-805.299,2348.06,73.318,-539.426,2370.72,-113.943,-498.619,2224.84,-229.041,-829.56,2379.32,-359.013,-792.657,2359.42,-457.734,-518.914,2387.97,-567.84,-523.736,2170.39,-108.157,-319.012,2362.36,-93.6664,91.8108,2424.38,-102.65,457.209,2580.13,-12.0241,608,2497.08,-288.087,-315.131,2368.37,-355.551,80.3807,2261.24,-370.218,480.739,2234.96,-427.42,605.319,2119.87,-204.04,-950.635,2350.32,-219.095,-1034.3,2206.73,-174.397,-1055.46,2237.27,-101.017,-1017.39,2339.72,-246.058,-1061.34,2244.52,-296.067,-1031.8,2367.56
-203.16,-317.666,2365.56,-207.752,-498.156,2325.51,-207.254,-645.691,2335.1,-199.337,-867.48,2372.46,-176.711,-830.138,2376.07,-33.0726,-796.108,2363.09,84.3505,-539.464,2412.12,-84.0298,-500.579,2244.96,-229.497,-829.654,2380.43,-358.084,-797.852,2348.21,-472.369,-529.643,2362.17,-555.019,-538.388,2133.32,-108.676,-320.195,2366.12,-94.4285,90.1459,2426.4,-106.572,455.706,2579.73,-7.7047,597.336,2490.97,-288.36,-315.382,2365.05,-355.723,78.859,2256.04,-367.394,478.941,2235.62,-423.459,604.556,2121.6,-200.207,-950.104,2353.94,-201.634,-1030.68,2208.16,-159.065,-1051.42,2241.69,-95.191,-1014.03,2350.27,-230.776,-1059.15,2243.04,-291.061,-1033.65,2362.04
-201.482,-321.75,2370.76,-205.116,-501.877,2332.66,-204.802,-648.864,2340.9,-196.034,-870.18,2374.96,-174.218,-832.79,2380.35,-32.6552,-791.474,2375.32,84.2687,-544.59,2457.4,-66.7896,-508.525,2275.21,-226.937,-833.02,2381.86,-352.288,-799.25,2342.2,-474.13,-535.899,2325.83,-537.707,-554.42,2092.61,-107.442,-324.254,2373.62,-94.6479,84.9822,2429.42,-108.482,450.869,2577.38,-14.7254,604.041,2505.69,-286.282,-319.489,2368.17,-356.041,70.0923,2250.94,-364.25,468.844,2237.41,-418.836,599.13,2129.25,-194.838,-952.14,2355.2,-192.755,-1032.29,2210,-150.608,-1052.34,2244.05,-89.2993,-1014.25,2353.19,-221.905,-1061.09,2244.25,-284.189,-1036.65,2361.78
-201.112,-322.574,2372.7,-204.647,-503.669,2337.73,-204.705,-650.869,2346.78,-195.431,-872.689,2380.02,-174.002,-835.117,2386.26,-30.6604,-800.541,2396.59,66.6251,-544.642,2478.44,-29.7963,-510.322,2261.55,-226.833,-835.708,2386.2,-345.157,-797.693,2331.02,-469.067,-536.396,2297.3,-505.28,-577.507,2060.7,-106.96,-325.22,2376.89,-95.5865,84.8207,2432.49,-109.215,450.724,2582.28,-13.8675,599.259,2502.46,-286.014,-320.184,2368.92,-356.423,68.8628,2247.8,-362.631,468.324,2233.37,-418.077,597.705,2124.05,-193.085,-954.678,2359.85,-187.101,-1033.96,2213.96,-145.547,-1054.01,2248.9,-86.9311,-1016.19,2359.88,-216.895,-1063.23,2247.38,-282.158,-1039.96,2363.8
-200.267,-325.664,2373.54,-203.235,-507.245,2340.79,-203.627,-654.477,2350.09,-194.518,-876.42,2383.05,-173.648,-838.723,2390.43,-31.0811,-807.072,2413.59,48.3579,-550.024,2510.11,-8.24252,-509.545,2280.52,-226.428,-839.646,2387.84,-341.764,-798.989,2328.28,-463.921,-546.377,2250.26,-479.327,-588.658,2011.52,-106.215,-328.37,2380.02,-96.2738,81.9131,2435.12,-108.692,448.845,2582.82,-17.1576,596.114,2496.32,-285.078,-323.221,2367.7,-355.681,64.4292,2241.84,-360.549,464.013,2226.68,-416.197,596.248,2120.84,-190.679,-958.35,2362.76,-178.847,-1029.92,2213.22,-137.028,-1049.91,2247.91,-81.9287,-1015.23,2361.73,-207.896,-1062.08,2244.61,-276.039,-1047.47,2360.84
-200.236,-325.155,2373.08,-202.506,-505.587,2339.77,-203.965,-652.054,2347.79,-195.083,-873.316,2376.53,-175.505,-835.792,2386.44,-36.413,-798.653,2416.3,33.3804,-566.116,2564.08,0.278044,-520.802,2332.22,-227.552,-837.195,2379.3,-339.579,-802.472,2311.92,-450.447,-552.418,2216.79,-443.776,-603.302,1980.73,-107.14,-328.332,2383.95,-97.6573,79.406,2440.51,-110.284,446.552,2581.56,-20.6558,599.288,2505.63,-284.185,-322.286,2363.28,-356.524,62.0117,2235.78,-359.968,459.522,2225.9,-417.652,598.241,2131.78,-188.536,-954.271,2355.03,-155.079,-1037.51,2216.22,-119.805,-1054.77,2258.31,-82.7149,-1011.48,2375.58,-189.121,-1066.61,2244.96,-273.818,-1042.15,2346.88
-200.196,-325.261,2373.34,-201.709,-505.185,2338.22,-203.711,-651.579,2344.91,-193.381,-872.501,2374.18,-174.666,-834.777,2384.8,-38.2154,-804.495,2429.99,23.5229,-566.581,2572.19,9.51039,-525.361,2337.87,-226.325,-836.795,2375.63,-331.867,-806.162,2296.99,-448.874,-564.837,2188.42,-408.395,-613.222,1955.46,-107.589,-328.738,2387.16,-98.6473,78.2213,2446.61,-110.314,445.417,2586.59,-29.4957,596.11,2498.17,-283.703,-322.123,2360.88,-354.351,61.7092,2232.24,-358.645,458.858,2222.83,-415.983,595.503,2125.82,-185.051,-953.312,2353.06,-155.986,-1041.85,2216.75,-117.85,-1055.72,2257.51,-76.1932,-1005.47,2370.25,-187.207,-1070.72,2248.66,-267.044,-1044.48,2353.85
-200.251,-328.745,2371.93,-201.433,-509.601,2337.58,-203.912,-656.562,2345.08,-189.423,-877.599,2378.55,-172.431,-839.054,2389.85,-41.4646,-798.652,2444.39,-22.976,-558.493,2597.01,18.1876,-529.249,2363.06,-223.502,-842.684,2377.25,-328.614,-819.317,2294.67,-417.176,-596.798,2130.17,-370.491,-620.389,1893.52,-107.572,-332.355,2387.75,-100.618,75.0659,2455.64,-110.304,445.04,2593.07,-28.522,590.607,2495.65,-283.823,-325.485,2357.66,-353.95,60.0518,2228.34,-356.63,458.924,2221.18,-411.847,600.964,2129.48,-177.434,-958.76,2359.21,-136.846,-1042.79,2222.15,-101.111,-1057.12,2265.2,-68.329,-1009.23,2382.44,-169.609,-1073.42,2251.1,-257.412,-1052.07,2351.67
-198.902,-328.812,2371.05,-199.874,-509.754,2337.35,-203.051,-656.73,2343.62,-187.738,-877.506,2378.13,-172.256,-838.723,2390.68,-47.3378,-793.551,2454.75,-34.3677,-561.089,2619.28,11.8828,-530.694,2386.49,-222.148,-843.127,2374.24,-316.59,-826.926,2278.19,-385.352,-641.643,2065.29,-274.711,-656.015,1850.19,-106.855,-332.84,2390.03,-100.519,73.7962,2462.05,-109.001,445.241,2595.3,-24.7689,589.295,2497.79,-281.905,-325.176,2353.94,-352.741,60.9203,2226.95,-354.689,459.732,2220.71,-413.737,599.944,2128.66,-173.062,-958.437,2359.78,-131.973,-1043.47,2223.53,-96.027,-1057.02,2266.64,-63.4661,-1007.64,2383.29,-164.383,-1074.1,2252.86,-252.164,-1052.54,2353.36
-196.161,-327.068,2371.83,-195.891,-508.658,2339.9,-198.946,-655.949,2344.7,-183.071,-877.184,2378.55,-168.976,-838.248,2392.45,-50.6842,-796.015,2470.23,-45.3418,-561.177,2632.66,15.3265,-525.556,2403.52,-217.647,-843.155,2372.56,-307.623,-834.599,2271.05,-356.068,-656.607,2046,-269.677,-635.81,1820.11,-104.956,-331.041,2395.2,-102.112,74.6819,2476.18,-109.824,449.086,2603.08,-22.3121,583.74,2494.94,-278.405,-323.482,2350.77,-347.918,64.2397,2225.67,-346.771,463.8,2226.28,-417.171,603.786,2141.55,-166.069,-957.903,2360.6,-120.618,-1049.09,2229.45,-87.2026,-1062.03,2274.86,-59.0371,-1009.21,2391.4,-155.367,-1077.8,2258.21,-247.546,-1050.2,2353.48
-195.209,-330.058,2370.98,-194.813,-512.449,2339.24,-197.574,-660.318,2344.88,-185.12,-881.983,2383.16,-169.181,-842.97,2395.3,-47.2138,-808.703,2472.47,-55.5607,-528.4,2532.4,15.7161,-519.99,2302.67,-219.281,-847.059,2378.42,-306.398,-838.926,2273.7,-359.401,-618.122,2089.82,-247.579,-650.587,1875.71,-103.376,-333.772,2393.46,-103.53,71.249,2485.86,-110.614,449.664,2605.76,-23.6023,583.96,2495.37,-278.019,-326.706,2350.7,-343.373,64.8898,2229.91,-345.13,466.018,2222.77,-413.344,599.006,2124.53,-171.192,-963.835,2366.08,-115.382,-1046.06,2232.18,-82.7528,-1059.23,2278.39,-61.96,-1010.34,2398.74,-149.462,-1078.27,2258.33,-246.897,-1060.73,2351.52
-192.914,-328.78,2368.76,-192.43,-509.497,2332.88,-197.766,-656.658,2336.16,-190.978,-878.432,2368.42,-175.982,-840.173,2383.13,-54.6351,-796.796,2455.16,-71.8179,-536.213,2570.26,9.05743,-519.505,2345.41,-224.069,-843.153,2361.61,-301.392,-823.723,2251.66,-330.444,-598.648,2069.85,-195.217,-660.757,1878.3,-103.388,-334.235,2397.44,-103.689,67.9249,2493.34,-109.949,446.839,2605.16,-23.9316,581.519,2496.11,-273.643,-323.858,2342.9,-338.187,69.6991,2235.61,-345.537,468.66,2221.6,-413.993,604.431,2129.05,-176.297,-959.505,2350.3,-104.913,-1053.08,2233.31,-79.3658,-1062.58,2284.29,-74.1723,-1004.07,2401.29,-142.81,-1082.4,2256.96,-251.151,-1055.96,2333.58
-190.461,-328.261,2370.28,-188.875,-508.678,2332.46,-194.58,-655.921,2335.01,-188.694,-878.145,2365.14,-174.047,-840.03,2380.62,-52.0398,-806.406,2456.8,-105.82,-548.54,2567.01,9.77253,-521.825,2358.78,-221.606,-842.755,2357.86,-292.247,-831.935,2242.28,-323.504,-585.261,2091.2,-187.267,-661.599,1905.43,-101.729,-334.012,2401.43,-104.595,67.0474,2502.73,-109.884,448.177,2607.62,-24.2026,580.616,2495.41,-270.475,-323.072,2342.18,-334.157,71.6505,2237.84,-345.333,470.573,2219.65,-413.716,602.942,2122.07,-173.59,-959.079,2346.53,-92.476,-1055.16,2238.1,-71.7993,-1063.97,2291.39,-76.9154,-1003.49,2407.47,-132.655,-1083.83,2258.63,-247.429,-1055.34,2324.54
-188.783,-326.964,2371.22,-186.597,-506.995,2328.37,-195.137,-654.706,2328.69,-191.003,-876.843,2365.6,-178.317,-838.03,2381.57,-69.8611,-779.675,2464.17,-120.761,-545.3,2621.2,0.619479,-527.995,2414.18,-223.308,-841.846,2353.8,-290.91,-831.552,2235.75,-300.436,-575.617,2095.3,-158.331,-662.184,1917.32,-102.159,-334.763,2408.4,-105.714,67.5167,2511.51,-109.274,451.921,2610.25,-23.2673,577.163,2489.06,-266.895,-319.927,2337.69,-328.727,78.0538,2238.24,-341.548,478.531,2220.56,-412.987,602.727,2113.58,-173.368,-958.419,2350.93,-89.3753,-1057.79,2246.73,-72.4685,-1067.78,2301.37,-82.4127,-1007.46,2417.81,-132.143,-1084.9,2264.53,-250.021,-1051.65,2323.46
-185.24,-325.125,2370.82,-180.685,-505.278,2326.05,-189.776,-653.448,2325.97,-188.346,-876.119,2364.4,-176.2,-837.139,2380.78,-68.0067,-781.873,2466.67,-142.716,-546.018,2613.36,0.105038,-514.862,2421.25,-220.017,-840.94,2350.88,-278.692,-827.672,2227.93,-265.462,-572.263,2084.82,-108.533,-656.788,1917.52,-100.206,-333.252,2412.18,-109.741,69.1395,2519.93,-114.642,455.951,2614.42,-22.4066,576.071,2491.6,-261.918,-317.792,2333.53,-322.009,83.8166,2242.18,-339.571,485.243,2220.32,-409.568,611.152,2113.41,-170.353,-958.124,2350.98,-84.326,-1059.48,2249.51,-67.5032,-1067.83,2304.65,-78.8082,-1004.37,2419.78,-126.975,-1086.74,2267.89,-245.94,-1053.34,2325.58
-184.232,-330.506,2372.5,-178.083,-511.194,2325.79,-188.522,-660.107,2326.12,-189.412,-883.587,2367.23,-178.031,-844.22,2383.88,-72.4579,-787.838,2473.67,-153.015,-566.71,2641.8,-4.09485,-523.052,2455.13,-220.453,-848.339,2351.58,-271.918,-832.46,2224.91,-239.719,-581.462,2073.87,-68.2028,-661.639,1917.08,-100.352,-339.2,2417.18,-112.379,65.4098,2525.4,-115.199,455.977,2613.73,-19.1274,575.422,2491.47,-259.869,-322.663,2332.2,-320.693,81.6952,2242.85,-340.146,485.371,2222.56,-411.216,609.883,2113.06,-170.74,-966.206,2355.6,-83.4257,-1064.98,2251.18,-69.1012,-1077.17,2306.66,-83.1824,-1019.82,2425.48,-127.907,-1091.91,2266.29,-248.687,-1057.61,2321.43
-183.717,-327.453,2374.58,-175.817,-506.682,2326.76,-184.484,-654.843,2324.44,-184.51,-877.81,2360.98,-173.611,-838.932,2378.43,-68.1738,-793.787,2473.18,-154.482,-581.239,2646.62,-3.59088,-525.432,2466.68,-215.407,-842.642,2345.76,-269.791,-832.918,2220.54,-217.756,-582.588,2077.39,-40.857,-657.491,1926.25,-100.801,-335.902,2419.94,-116.263,65.9818,2528.71,-118.82,455.163,2612.79,-17.5704,579.832,2502.26,-258.486,-319.83,2333.67,-319.637,81.6088,2242.49,-341.044,482.885,2222.23,-410.371,608.072,2114.07,-165.332,-959.613,2348.04,-81.5433,-1066.21,2250.15,-68.9294,-1076.65,2306.05,-82.2861,-1014.07,2421.43,-127.303,-1090.16,2265.37,-246.566,-1048,2316.27
-183.83,-326.293,2373.71,-176.6,-505.833,2326.8,-185.018,-654.041,2324.49,-185.319,-876.911,2361.93,-174.402,-837.967,2379.24,-74.3273,-793.517,2479.99,-159.403,-586.486,2660.67,-3.64549,-528.62,2485.52,-216.167,-841.765,2346.52,-268.108,-828.084,2220.61,-198.966,-583.909,2073.97,-14.4532,-654.317,1929.85,-100.495,-334.609,2418.38,-117.663,65.7335,2532.78,-118.254,455.597,2614.11,-17.8631,576.339,2498.48,-258.976,-318.792,2333.44,-320.559,82.5948,2241.9,-340.843,484.089,2223.09,-412.051,609.582,2116.45,-166.202,-958.802,2349.33,-81.9324,-1070.19,2257.3,-69.4246,-1077.68,2313.71,-83.1919,-1009.18,2425.66,-127.686,-1093.43,2273.65,-247.186,-1048.93,2322.03
-184.922,-324.682,2372.66,-177.656,-503.418,2325.73,-186.257,-650.976,2322.34,-188.523,-873.145,2358.18,-178.043,-834.514,2375.99,-82.4609,-789.824,2480.04,-161.766,-582.214,2660.78,-2.42595,-522.752,2490.84,-218.627,-837.931,2342.13,-272.339,-829.304,2217.13,-189.19,-586.705,2077.76,2.68103,-652.387,1943.04,-102.773,-333.401,2418.59,-119.702,64.6325,2534.78,-118.603,453.26,2613.9,-24.036,575.793,2496.62,-258.999,-316.816,2331.25,-320.828,82.8367,2240.14,-340.557,482.776,2223.43,-413.826,610.789,2122.59,-169.411,-954.689,2345.71,-81.034,-1062.06,2254.03,-70.892,-1071.34,2310.4,-89.6827,-1006.98,2423.42,-127.091,-1085.96,2267.6,-248.283,-1043.88,2312.19
-185.454,-323.405,2370.42,-178.309,-501.99,2323.2,-186.387,-649.51,2319.61,-187.114,-871.439,2356.39,-176.749,-832.688,2373.96,-82.055,-787.347,2478.45,-172.101,-586.135,2661.19,-4.64137,-523.048,2500.77,-217.516,-836.486,2340.39,-272.914,-830.852,2216.02,-185.49,-586.841,2082.1,9.96989,-647.377,1950.34,-102.636,-331.901,2415.09,-121.801,64.5356,2535.68,-117.572,453.997,2609.58,-21.3873,580.473,2498.08,-260.135,-315.74,2330.14,-321.333,83.5072,2237.63,-340.015,483.412,2223.08,-410.199,610.753,2119.37,-167.614,-952.889,2344.15,-81.1739,-1063.31,2254.38,-71.1726,-1071.77,2310.88,-88.7965,-1005.15,2422.71,-127.61,-1086.16,2268.37,-247.99,-1041.24,2312.21
-185.704,-324.558,2369.62,-178.193,-503.334,2321.93,-186.276,-651.123,2318.8,-186.599,-873.325,2356.33,-176.109,-834.447,2373.74,-79.2081,-793.748,2478.48,-172.197,-596.181,2664.47,-4.7062,-523.814,2507.42,-217.192,-838.377,2340.42,-270.634,-831.527,2215,-183.041,-585.394,2083.99,14.689,-643.865,1953.92,-102.567,-332.923,2414.07,-123.272,63.4523,2537.07,-120.024,453.381,2612.26,-23.0763,577.733,2498.46,-260.673,-317.011,2329.54,-320.859,83.3551,2237.97,-340.075,483.891,2222.29,-409.184,609.657,2115.45,-167.107,-954.943,2344.17,-81.4237,-1063.32,2250.73,-70.3445,-1072.75,2306.97,-86.4292,-1008.18,2420.5,-127.536,-1086.77,2265.14,-247.611,-1043.4,2312
-185.776,-326.803,2371.02,-176.974,-505.189,2322.74,-185.185,-652.827,2319.23,-185.661,-874.7,2357.47,-175.757,-835.761,2374.98,-81.233,-790.626,2479.89,-176.878,-591.307,2662.23,-5.50903,-523.716,2507.58,-215.943,-839.948,2340.7,-267.521,-830.427,2214.81,-177.758,-585.425,2083.74,22.5955,-641.465,1957.07,-103.874,-335.342,2417.5,-124.596,63.0157,2532.57,-123.236,452.258,2609.45,-17.9973,580.862,2508.8,-259.631,-319.1,2329.11,-319.834,81.1255,2238.66,-340.55,481.21,2222.69,-408.723,609.546,2118.61,-165.601,-956.213,2346.1,-81.15,-1066.34,2253.85,-70.8702,-1075.86,2310.18,-86.8795,-1010.83,2423.3,-127.824,-1088.83,2267.79,-247.407,-1043.05,2313.24
-186.62,-326.506,2371.5,-177.776,-505.123,2322.92,-186.254,-652.988,2319.34,-187.07,-875.171,2357.95,-177.241,-836.148,2375.5,-83.9336,-789.478,2481.16,-181.392,-587.053,2659.83,-8.83368,-522.503,2504.59,-217.28,-840.372,2340.91,-267.044,-830.484,2214.08,-176.08,-584.291,2085.02,26.042,-637.504,1959.18,-104.803,-335.214,2418.41,-125.209,63.9719,2533.12,-122.574,454.092,2608.87,-16.317,579.134,2504.27,-260.397,-318.65,2329.19,-320.194,82.1158,2237.74,-340.328,482.922,2222.64,-410.153,607.263,2114.39,-166.943,-956.842,2346.8,-81.4679,-1061.74,2249.07,-69.9611,-1073.04,2304.93,-85.4989,-1012.39,2420.77,-127.432,-1085.85,2262.99,-247.418,-1044.51,2312.15
-185.34,-325.817,2368.75,-177.558,-504.998,2321.8,-186.13,-652.951,2320.07,-186.452,-875.166,2359.05,-176.109,-836.121,2376.29,-75.5488,-793.38,2476.93,-175.582,-596.904,2660.93,-8.74642,-524.271,2502.87,-217.013,-840.315,2342.7,-266.796,-830.547,2215.8,-175.887,-585.163,2084.9,26.3454,-634.402,1957.44,-102.42,-334.035,2413.86,-123.554,64.4842,2531.34,-123.535,454.16,2610.22,-21.4755,575.175,2496.92,-260.113,-318.404,2328.07,-321.229,82.3768,2236.79,-340.397,483.437,2222.8,-411.918,605.581,2113.05,-166.765,-956.929,2347.52,-82.0337,-1065.63,2253.25,-71.6804,-1076.08,2309.53,-87.7465,-1012.79,2423.94,-128.759,-1088.47,2266.89,-248.628,-1043.53,2313.25
-187.286,-328.613,2371.48,-177.622,-507.011,2321.79,-186.776,-654.958,2319.3,-188.492,-876.912,2360.02,-178.33,-837.754,2377.15,-78.6678,-793.049,2477.88,-172.322,-588.732,2656.74,-3.86754,-522.464,2497.51,-218.656,-842.09,2342.86,-267.193,-830.648,2215.58,-177.456,-584.589,2084.97,25.5885,-629.359,1957.03,-105.607,-337.353,2418.75,-122.221,64.328,2526.13,-124.517,453.269,2609.02,-18.2543,581.057,2507.55,-260.94,-320.727,2328.85,-320.784,80.1039,2236.46,-341.005,481.289,2224.78,-407.661,607.391,2116.37,-168.859,-958.844,2349.49,-82.9041,-1063.05,2251.26,-71.4171,-1074.62,2307.11,-87.275,-1014.56,2423.32,-128.842,-1087.4,2265.02,-249.086,-1046.64,2314.28
-187.595,-330.974,2371.93,-178.747,-510.309,2323.54,-188.608,-658.647,2323.8,-191.158,-880.454,2368.59,-180.286,-840.975,2384.84,-82.8937,-791.469,2486.17,-167.88,-577.361,2659.09,-4.76967,-520.905,2489.82,-221.508,-845.595,2351.43,-267.968,-830.391,2223.37,-182.9,-586.47,2084.07,20.4085,-623.698,1952.86,-104.828,-339.296,2417.9,-120.846,63.9358,2524.09,-124.976,453.632,2608.7,-18.1107,582.319,2507.95,-262.231,-323.466,2330.48,-321.701,78.0441,2235.57,-340.38,480.425,2223.56,-407.217,606.725,2114.66,-172.348,-962.946,2359.06,-85.1149,-1057.9,2252.15,-70.8537,-1071.68,2307.02,-85.071,-1018.25,2427.03,-129.363,-1085.26,2266.35,-249.753,-1053.06,2322.21
-189.563,-331.444,2369.49,-183.074,-511.725,2324.27,-192.875,-660.07,2326.27,-193.077,-881.756,2371.85,-181.957,-842.166,2387.66,-83.204,-793.975,2488.33,-164.018,-576.34,2658.89,-4.65095,-524.987,2484.46,-224.066,-847.103,2355.42,-276.241,-830.148,2229.78,-190.832,-589.377,2085.24,7.72561,-617.455,1944.76,-105.394,-339.317,2412.95,-119.201,64.1823,2518.61,-124.953,453.115,2606.77,-19.1624,578.791,2501.16,-265.461,-324.341,2330.3,-323.206,78.0625,2237.96,-339.24,480.48,2222.42,-412.188,604.741,2115.08,-174.123,-964.197,2362.06,-91.8577,-1046.85,2241.81,-73.4321,-1064.68,2294.22,-80.7898,-1021.98,2419.07,-134.223,-1076.8,2256.53,-251.32,-1053.51,2322.87
-191.111,-330.018,2370.85,-185.225,-510.918,2326.83,-194.747,-659.519,2328.56,-195.762,-881.815,2372.91,-184.593,-842.285,2389.03,-83.9669,-787.262,2484.55,-152.283,-566.831,2657.73,-3.04876,-524.334,2471.81,-226.628,-846.927,2356.5,-283.311,-823.578,2233.64,-201.566,-585.404,2081.92,-3.91737,-619.746,1940.88,-106.713,-337.822,2414.21,-117.426,67.5823,2515.42,-124.091,456.699,2605.52,-19.8508,573.894,2488.65,-267.216,-322.977,2331.76,-324.988,79.6433,2237.44,-339.194,482.814,2223.32,-414.091,606.818,2116.55,-176.953,-964.376,2362.71,-94.8031,-1048.39,2242.96,-77.3794,-1066.83,2295.6,-85.4155,-1024.41,2420.72,-138.029,-1077.56,2257.05,-255.619,-1052.05,2322.14
-193.08,-331.062,2366.88,-189.195,-512.298,2325.35,-198.046,-660.643,2329.83,-196.709,-882.572,2374.14,-184.014,-843.176,2389.23,-80.5801,-797.365,2486.23,-156.366,-565.199,2638.98,-3.32753,-519.406,2457.5,-228.571,-847.553,2360.37,-284.046,-824.433,2237.16,-217.88,-580.297,2088.27,-29.2087,-615.594,1936.28,-106.36,-337.977,2405.17,-114.234,67.1092,2505.14,-123.71,453.195,2604.69,-21.4608,574.051,2490.34,-271.279,-324.824,2332.35,-325.977,79.1762,2245.36,-339.944,481.405,2224.35,-408.844,603.307,2111.77,-179.345,-965.114,2362.47,-102.856,-1044.37,2236.27,-80.4554,-1062.01,2287.17,-80.7428,-1020.44,2412.61,-143.232,-1075.7,2253.5,-256.284,-1056.45,2327.68
-193.93,-330.713,2366.74,-190.698,-512.428,2326.21,-198.707,-660.982,2331.5,-196.213,-882.958,2376.97,-182.831,-843.467,2391.37,-78.4679,-796.162,2486.93,-151.285,-556.394,2629.75,-2.41232,-514.843,2443.44,-228.537,-847.882,2364.24,-289.542,-823.144,2243.8,-231.647,-577.455,2093.29,-53.8995,-610.599,1927.75,-105.905,-337.09,2402.35,-113.323,68.7926,2501.33,-124.194,454.523,2604.08,-21.1172,584.107,2500.08,-273.305,-324.958,2334.63,-326.546,79.7723,2247.59,-338.707,482.637,2227.91,-409.919,607.357,2119.57,-179.498,-965.711,2365.07,-109.632,-1043.53,2233.95,-84.0815,-1061.25,2283.41,-77.4454,-1020.35,2409.07,-148.66,-1075.43,2253.34,-257.506,-1057.76,2334.22
-194.176,-330.92,2368.02,-191.324,-512.988,2329.42,-198.583,-661.483,2335.72,-198.148,-884.141,2377.32,-183.679,-845.133,2391.92,-72.1061,-803.663,2481.79,-140.992,-561.17,2621.71,2.0418,-513.927,2432.33,-230.294,-848.368,2366.26,-297.82,-819.972,2250.24,-264.181,-572.784,2095.11,-94.5561,-611.008,1922.44,-105.476,-336.714,2401.91,-108.468,71.6855,2489.41,-123.522,454.045,2603.04,-20.069,581.579,2497.04,-274.161,-325.691,2337.45,-326.424,79.5077,2252.82,-339.121,481.98,2229.1,-409.734,606.897,2120.71,-183.161,-966.89,2363.48,-110.103,-1041.39,2232.26,-85.3577,-1059.87,2281.82,-81.5179,-1021.5,2408.34,-149.187,-1074,2250.23,-259.684,-1058.94,2329.29
-197.667,-333.854,2365.1,-196.519,-517.074,2329.45,-203.277,-665.969,2336.74,-205.418,-889.411,2377.57,-189.387,-850.668,2391.62,-70.0488,-817.59,2475.49,-131.9,-565.149,2602.16,11.0661,-519.32,2411.5,-237.412,-852.829,2368.23,-309.295,-818.927,2255.91,-289.968,-569.909,2099.69,-130.865,-609.123,1916.56,-107.608,-339.322,2396.1,-107.656,70.962,2480.42,-122.61,451.857,2602.63,-23.7928,584.422,2497.37,-278.877,-328.92,2337.15,-328.101,78.8809,2257.52,-340.482,482.016,2226.57,-407.568,606.205,2114.33,-192.827,-972.619,2362.66,-115.787,-1042.66,2230.66,-90.2005,-1060.37,2280.27,-88.4561,-1022.75,2407.45,-153.391,-1077.35,2248.33,-264.952,-1068.26,2327.47
-198.761,-334.253,2365.95,-198.269,-517.222,2332.51,-203.818,-665.595,2340.6,-205.046,-888.72,2378.63,-188.239,-850.356,2392.32,-62.8162,-816.551,2465.39,-91.3453,-559.678,2592.69,23.7355,-522.779,2383.25,-237.164,-852.025,2371.31,-313.735,-817.335,2262.99,-332.037,-567.06,2110.67,-182.015,-616.926,1923.67,-107.892,-339.037,2393.46,-105.717,70.9227,2471.76,-120.008,448.081,2600.81,-25.5753,580.674,2492.88,-280.701,-329.935,2341.14,-329.087,76.6717,2262.67,-340.537,478.383,2231.54,-406.53,602.237,2119.31,-193.614,-971.495,2362.19,-125.237,-1045.74,2228.48,-98.0918,-1063.48,2276.99,-89.3507,-1024.19,2402.88,-162.962,-1078.79,2248.33,-270.054,-1064.88,2331.98
-196.176,-331.645,2370.21,-195.572,-516.043,2341.02,-198.535,-664.979,2350.29,-197.079,-888.7,2389.82,-178.948,-850.172,2401.78,-65.2565,-833.616,2497.59,-60.4493,-548.319,2544.58,48.0389,-522.868,2328.96,-229.727,-851.798,2385.11,-313.421,-817.27,2281.46,-351.061,-573.125,2120.85,-223.584,-605.564,1913.22,-103.588,-334.955,2393.04,-102.969,77.4811,2466.54,-118.998,454.089,2601.48,-22.8723,583.431,2489.84,-279.666,-328.656,2349.62,-328.909,78.528,2266.52,-340.47,481.448,2231.72,-409.719,606.581,2121.81,-187.354,-971.922,2372.89,-140.182,-1038.57,2225.89,-105.112,-1057.92,2268.63,-76.611,-1024.08,2393.7,-173.767,-1073.52,2250.02,-266.437,-1065.99,2350.79
-195.759,-329.949,2370.71,-195.226,-513.608,2341.09,-197.746,-661.973,2351.1,-195.596,-885.056,2389.56,-177.499,-846.683,2401.49,-50.7244,-818.825,2474.78,-51.9335,-540.746,2550.31,48.6872,-524.437,2330.99,-228.228,-848.322,2385.28,-324.695,-817.138,2292.94,-365.559,-576.432,2129.86,-263.661,-596.981,1908.1,-103.004,-333.013,2391.38,-101.018,78.7739,2459.86,-116.149,453.038,2597.19,-18.3015,589.268,2497.05,-279.4,-327.182,2352.07,-328.166,79.2129,2272.37,-340.297,480.758,2238.57,-409.825,600.304,2123.78,-185.902,-967.896,2372.27,-142.924,-1037.75,2226.16,-107.899,-1057.36,2268.52,-76.7388,-1022.62,2392.2,-176.981,-1071.27,2251.2,-267.585,-1059.71,2352.8
-196.808,-329.796,2367.35,-197.821,-513.254,2338.91,-199.728,-661.235,2350.16,-194.219,-883.209,2391.86,-175.515,-844.687,2401.88,-43.1896,-812.393,2461.68,-39.9631,-540.505,2555.29,33.6934,-516.395,2326.71,-227.123,-846.697,2389.24,-334.137,-817.896,2308.94,-376.992,-590.36,2129.37,-310.832,-589.24,1894.09,-103.233,-332.708,2382.8,-100.034,77.7034,2454.25,-112.769,450.895,2592.38,-15.4726,590.134,2496.72,-281.189,-327.167,2353.43,-326.676,79.8336,2279.53,-337.698,480.485,2244.55,-411.459,602.206,2135.4,-185.471,-966.126,2375.3,-159.152,-1036.26,2225.8,-121.345,-1057.68,2264.58,-77.6107,-1025.47,2384.81,-192.112,-1068.47,2253.64,-272.282,-1054.05,2362.97
-196.792,-329.895,2367.27,-197.811,-513.304,2338.91,-199.695,-661.227,2350.28,-193.351,-883.028,2392.39,-174.551,-844.476,2402.05,-40.248,-811.779,2456.9,-31.9189,-538.489,2545.69,35.128,-517.829,2314.84,-226.317,-846.567,2390.16,-336.089,-820.267,2312.87,-397.32,-599.989,2129.77,-336.184,-606.913,1893.31,-103.23,-332.786,2382.61,-99.8954,77.6266,2453.24,-112.264,451.219,2589.94,-15.2373,589.371,2492.57,-281.161,-327.285,2353.44,-326.705,79.6253,2279.85,-337.628,480.188,2245.35,-410.71,601.5,2135.38,-184.76,-965.946,2375.9,-162.665,-1035.25,2225.4,-123.857,-1056.94,2263,-76.8107,-1025.48,2382.12,-194.891,-1067.56,2253.94,-271.988,-1053.64,2365.47
-197.696,-326.421,2367.12,-199.906,-509.437,2342.02,-200.418,-656.512,2355.51,-194.521,-877.991,2393.65,-174.452,-840.068,2402.28,-34.2043,-813.099,2441.22,9.30867,-551.688,2549.19,42.707,-527.411,2312.59,-226.789,-841.154,2394.58,-342.718,-808.656,2330.95,-420.976,-566.861,2188.03,-387.874,-592.634,1948.46,-103.735,-328.79,2376.12,-99.162,79.5933,2447.24,-107.826,449.742,2588.23,-19.3252,588.589,2485.65,-282.424,-324.281,2359,-326.894,81.5184,2289.47,-338.267,479.943,2251.89,-412.413,599.971,2142.56,-188.706,-960.391,2375.44,-180.234,-1023.05,2221.53,-139.167,-1046.92,2254.74,-82.3305,-1021.67,2370.35,-210.574,-1055.89,2251.05,-277.849,-1045.67,2368.42
-196.973,-324.734,2367.8,-200.019,-507.002,2342.06,-199.981,-653.567,2355.51,-193.141,-874.649,2391.12,-172.524,-837.029,2398.98,-28.5008,-816.168,2423.12,15.6852,-550.372,2516.5,44.7069,-518.461,2281.08,-225.021,-837.811,2394.11,-342.845,-808.781,2333.35,-426.652,-550.41,2230.17,-421.46,-596.335,1992.25,-103.067,-327.072,2373.24,-97.1205,80.1527,2442.51,-105.393,447.448,2587.08,-23.5948,589.716,2484.89,-281.652,-322.623,2362.9,-326.411,81.6271,2293.08,-340.624,477.932,2249.34,-411.597,598.058,2139.03,-188.73,-956.612,2371.93,-187.854,-1024.6,2220.69,-145.48,-1047.39,2252.65,-83.3074,-1018.39,2364.04,-216.765,-1056.08,2252.69,-278.101,-1041.32,2372.27
-195.694,-324.823,2371.65,-198.627,-507.417,2346.32,-197.583,-654.243,2359.17,-189.815,-875.611,2394.84,-168.291,-838.1,2400.94,-24.0904,-812.263,2419.96,31.2115,-532.176,2413.27,20.2537,-489.677,2177.64,-221.089,-838.437,2400.24,-338.346,-800.63,2342.87,-445.785,-545.116,2254.35,-452.981,-594.847,2016.89,-101.534,-326.752,2374.65,-96.9711,81.2878,2442.74,-107.261,450.096,2584.85,-21.5515,592.551,2485.65,-280.602,-323.081,2368.94,-326.824,80.1824,2291.31,-339.871,477.118,2247.72,-407.151,593.156,2130.52,-187.628,-957.771,2375.58,-190.557,-1021.48,2222.26,-148.254,-1046.23,2252.97,-83.7355,-1021.93,2364.37,-219.827,-1053.2,2253.81,-279.181,-1040.37,2374.83
-190.667,-324.408,2373.28,-192.663,-505.723,2344.87,-190.948,-651.948,2356.9,-185.663,-872.489,2391.81,-163.826,-835.403,2397.99,-20.0039,-805.111,2403.04,58.464,-546.327,2490.76,3.51886,-504.018,2262.45,-216.387,-835.155,2397.29,-336.215,-795.299,2348.74,-450.626,-538.9,2277.48,-478.401,-590.006,2042.96,-96.9228,-325.912,2376.29,-93.4022,80.9382,2440.17,-107.617,447.483,2582.88,-22.7729,600.732,2502.5,-275.2,-323.048,2370.56,-326.671,77.615,2292.62,-345.948,472.15,2246.04,-408.749,597.929,2137.98,-184.384,-954.247,2372.42,-194.583,-1018.97,2220.65,-152.442,-1044.87,2250.12,-83.8055,-1022.03,2358.64,-223.837,-1049.14,2253.31,-278.48,-1033.02,2375.47
-190.922,-324.096,2372.85,-193.213,-505.922,2344.1,-190.907,-652.611,2355.85,-185.505,-873.562,2392.49,-163.15,-836.45,2397.49,-19.2593,-804.019,2395.46,60.8965,-539.418,2465.3,-14.6388,-502.271,2241.25,-215.855,-835.878,2398.9,-338.366,-794.24,2357.99,-455.857,-536.324,2293.98,-494.901,-585.914,2059.98,-96.8436,-325.411,2373.67,-93.7552,82.1334,2441.17,-107.939,449.219,2585.8,-21.8343,599.877,2500.59,-275.757,-322.907,2372.11,-326.38,78.8841,2292.78,-345.576,474.411,2244.23,-407.314,588.392,2122.44,-185.495,-955.732,2373.69,-201.008,-1018.99,2221.2,-157.024,-1044.5,2248.6,-84.0208,-1021.57,2354.7,-228.339,-1050.21,2254.8,-278.142,-1036.61,2379.75
-190.652,-323.911,2370.78,-193.681,-505.286,2343.82,-191.4,-651.399,2355.7,-186.002,-871.73,2390.79,-163.469,-834.876,2395.43,-19.9867,-805.528,2383.39,64.4756,-541.279,2444.48,-23.9919,-504.159,2226.21,-215.919,-834.113,2398.14,-341.94,-798.609,2364.47,-455.533,-536.723,2316.64,-509.461,-587.91,2086.94,-96.9366,-325.359,2369.99,-93.2329,79.9082,2441.38,-104.006,446.173,2584.24,-25.836,600.845,2500.27,-275.16,-322.603,2371.49,-326.59,77.7328,2293.56,-345.437,471.874,2246.18,-411.672,599.089,2142.15,-186.777,-953.474,2371.6,-205.573,-1020.63,2221.87,-161.796,-1046,2249.26,-87.123,-1021.35,2353.18,-232.824,-1050.26,2256.63,-280.333,-1032.2,2381.35
-190.203,-321.96,2371.01,-193.419,-504.074,2343.23,-190.468,-650.955,2353.89,-184.714,-872.328,2389,-161.786,-835.391,2392.88,-18.2579,-803.496,2379.54,72.3166,-535.842,2419.61,-27.0828,-521.358,2202.16,-214.355,-834.418,2397.38,-341.617,-794.316,2372.04,-457.084,-530.674,2330.58,-523.429,-580.837,2102.72,-96.0941,-323.15,2367.92,-92.4913,83.683,2441.46,-103.518,449.979,2589.2,-18.7328,597.123,2496.51,-275.065,-320.884,2373.8,-325.315,81.7981,2297.06,-346.833,476.826,2243.07,-411.458,592.837,2124.53,-186.467,-954.453,2369.78,-210.766,-1016.64,2217.85,-166.553,-1043.81,2243.3,-88.237,-1023.85,2346.3,-237.753,-1047.01,2252.55,-281.677,-1032.06,2379.66
-189.689,-320.162,2368.64,-193.455,-501.842,2339.25,-190.632,-648.596,2349.82,-184.853,-869.52,2386.42,-161.748,-832.667,2389.53,-18.306,-805.249,2368.83,75.2604,-539.294,2411.4,-33.7532,-525.334,2198.82,-214.156,-831.482,2395.14,-343.648,-795.192,2377.06,-452.272,-528.06,2341.77,-537.582,-589.828,2123.51,-95.6955,-321.488,2364.79,-91.55,84.3015,2441.86,-102.835,449.543,2591.22,-18.8131,597.878,2500.12,-274.447,-318.963,2372.11,-324.529,84.289,2300.45,-350.29,477.86,2240.68,-415.129,595.696,2124.33,-187.286,-951.703,2367.87,-212.267,-1018.61,2218.24,-167.181,-1044.09,2243.8,-88.0013,-1019.58,2344.99,-238.099,-1048.52,2254.13,-280.575,-1030.92,2381.26
-188.359,-316.842,2366.6,-190.673,-498.046,2339.64,-186.556,-644.198,2348.35,-181.232,-864.59,2381.64,-158.048,-828.047,2384.94,-14.1835,-807.552,2364.1,72.4522,-539.002,2394.28,-47.7707,-525.965,2189.08,-210.127,-826.741,2391.23,-341.359,-795.327,2385.67,-450.954,-529.534,2354.77,-547.85,-573.79,2138.37,-94.8441,-317.324,2361.82,-93.0742,86.2724,2440.09,-102.331,449.608,2589.34,-23.9604,594.298,2489.67,-272.686,-316.404,2370.91,-321.697,85.8746,2304.38,-345.793,478.618,2251.35,-416.846,600.692,2144.67,-184.228,-946.11,2362.08,-213.182,-1023.13,2219.04,-169.908,-1048.97,2246.67,-89.7005,-1021.17,2345.37,-240.624,-1048.24,2256.97,-281.676,-1017.84,2381.45
-188.318,-314.117,2367,-191.722,-495.775,2336.62,-187.88,-642.845,2343.24,-181.523,-864.532,2375.92,-158.015,-827.844,2378.31,-14.8992,-807.309,2348.59,71.6495,-537.285,2380.42,-66.7136,-524.61,2185.36,-210.051,-826.446,2386.91,-341.68,-793.924,2394.36,-440.558,-520.81,2381.76,-561.363,-566.084,2176.4,-94.391,-314.8,2360.56,-91.2901,91.1134,2438.64,-102.667,456.681,2587.96,-18.2294,603.054,2493.81,-273.016,-313.498,2372.81,-319.61,92.1934,2311.6,-349.054,484.862,2245.95,-416.44,600.805,2128.94,-185.553,-946.443,2356.2,-220.721,-1027.3,2215.66,-176.588,-1053.13,2242.6,-92.1301,-1023.62,2338.15,-247.263,-1051.15,2255.42,-283.69,-1016.67,2381.06
-188.478,-314.54,2364.32,-192.21,-496.346,2335.36,-188.025,-643.335,2342.17,-180.711,-864.767,2375.71,-157.201,-828.062,2377.4,-15.3508,-806.855,2342.79,65.0675,-535.515,2378.23,-69.4326,-513.435,2181.44,-209.008,-826.67,2387.17,-340.799,-795.446,2396.09,-434.771,-520.47,2392.44,-565.191,-560.097,2191.97,-94.7548,-315.109,2355.81,-90.5892,90.0984,2436.53,-97.4642,455.021,2587.25,-22.689,599.209,2482.35,-272.992,-314.023,2371.99,-319.209,91.8529,2312.93,-347.511,485.058,2251.13,-420.458,597.619,2134.27,-185.106,-946.738,2356.49,-225.434,-1029.33,2218.43,-180.046,-1054.53,2243.78,-91.9637,-1023.4,2335.39,-250.112,-1052.92,2259.49,-281.547,-1017.37,2386.12
-188.519,-314.444,2364.36,-192.273,-496.315,2335.51,-188.077,-643.329,2342.59,-180.657,-864.723,2376.74,-157.129,-828.007,2378.23,-15.5158,-806.774,2342.52,64.9436,-535.177,2376.46,-72.7317,-514.134,2181.68,-208.91,-826.58,2388.2,-340.659,-795.328,2398.12,-434.765,-520.301,2396.31,-568.605,-559.467,2197.95,-94.7752,-315.024,2355.82,-90.7738,90.2824,2436.59,-98.26,454.886,2588.32,-22.9215,600.867,2486.25,-273.052,-313.918,2372.06,-319.351,91.9689,2312.4,-347.915,485.1,2249.6,-420.707,597.582,2132.5,-185.142,-946.768,2357.76,-225.73,-1030.44,2220.39,-180.457,-1055.61,2246,-92.2885,-1024.03,2337.42,-250.545,-1053.56,2261.65,-281.931,-1016.73,2387.96
-188.263,-312.993,2361,-192.672,-495.277,2332.73,-188.682,-642.505,2340.94,-181.148,-864.328,2374.94,-157.479,-827.596,2376.06,-18.2005,-805.677,2331.56,72.3202,-536.976,2367.49,-84.6138,-514.727,2187.44,-209.178,-826.062,2386.91,-341.393,-797.48,2401.12,-436.188,-522.234,2408.75,-580.005,-562.054,2217.08,-94.4215,-313.82,2351.69,-90.6771,92.6816,2430.28,-102.164,457.259,2583.67,-15.1427,606.183,2495.41,-272.883,-312.242,2369.38,-319.909,93.8913,2306.87,-348.97,487.322,2241.62,-420.065,599.333,2122.55,-186.127,-946.505,2355.98,-227.289,-1029.51,2218.01,-181.756,-1054.8,2243.28,-93.0445,-1023.58,2334.63,-251.897,-1053,2259.32,-282.793,-1017,2386.25
-188.252,-312.249,2360.38,-192.231,-494.751,2331.09,-187.601,-642.24,2339.52,-181.122,-864.214,2375.63,-157.155,-827.559,2376.12,-19.1614,-806.497,2326.53,73.1263,-537.386,2359.25,-93.8786,-515.218,2187.82,-208.818,-825.574,2387.56,-340.596,-795.547,2405.05,-431.1,-518.351,2415.65,-583.566,-547.018,2228.1,-94.2734,-312.722,2350.56,-89.7991,94.3789,2430.32,-97.1201,459.729,2584.15,-14.2557,605.878,2486.86,-272.996,-311.819,2369.24,-319.738,95.2466,2307.15,-348.726,489.483,2241.89,-417.016,598.691,2118.14,-186.867,-946.695,2357.47,-225.398,-1030.28,2218.7,-180.846,-1056.05,2245.44,-94.111,-1025.32,2339.2,-251.513,-1053.19,2259.54,-285.488,-1015.8,2385.57
-187.972,-311.993,2359.15,-192.416,-494.752,2330.44,-188.108,-642.349,2339.55,-182.769,-864.506,2376.02,-158.539,-827.972,2376.26,-19.6826,-808.745,2327.93,73.2074,-539.024,2355.92,-96.4699,-515.613,2186.98,-210.142,-825.631,2388.13,-341.312,-791.913,2404.41,-431.104,-514.627,2423.1,-582.999,-542.546,2234.68,-93.916,-312.724,2349.24,-89.1918,94.8218,2428.72,-97.8151,460.03,2583.76,-13.0794,608.232,2490.94,-272.786,-311.329,2368.08,-319.243,96.2506,2306.58,-349.363,490.331,2238.65,-419.711,601.118,2117.24,-189.198,-947.055,2358.04,-232.681,-1029.9,2220.1,-186.753,-1055.46,2244.75,-96.4126,-1024.62,2335.19,-256.861,-1053.45,2261.82,-285.952,-1017.49,2389.61
-187.968,-311.811,2359.12,-192.383,-494.464,2330.58,-187.913,-641.976,2339.28,-181.825,-864.116,2374.74,-157.675,-827.567,2374.89,-18.8903,-808.691,2326.54,74.5679,-539.36,2354.31,-99.4667,-516.672,2190.01,-209.123,-825.368,2387.27,-340.007,-791.141,2403.99,-431.903,-514.969,2425.52,-583.511,-541.539,2236.9,-94.04,-312.445,2348.65,-89.7183,94.7568,2428.38,-98.9901,459.338,2584.15,-14.6209,607.342,2490.97,-272.667,-311.237,2368.57,-319.646,95.9638,2306.93,-349.403,490.094,2240.82,-419.973,599.427,2118.41,-188.287,-946.543,2356.49,-233.226,-1029.02,2218.94,-186.599,-1054.17,2242.6,-95.0855,-1022.81,2331.53,-256.359,-1053.09,2260.91,-283.556,-1018.26,2389.33
-188.116,-312.348,2357.68,-192.107,-495.497,2330.05,-187.096,-643.232,2339.32,-182.075,-865.819,2374.79,-157.674,-829.339,2374.82,-19.783,-808.686,2323.87,74.943,-539.598,2354.99,-105.944,-518.244,2197.4,-209.143,-826.847,2387.48,-339.52,-789.344,2403.16,-426.576,-511.057,2424.9,-584.349,-534.642,2240.4,-94.0813,-312.723,2346.59,-90.0339,94.4697,2430.29,-96.1381,460.205,2585.38,-18.1453,602.595,2478.2,-272.911,-312.007,2367.69,-319.999,96.0536,2306.65,-349.626,491.119,2241.56,-419.806,599.353,2117.48,-189.105,-948.358,2356.53,-235.027,-1027.29,2216.87,-189.281,-1054.19,2240.57,-97.6619,-1026.93,2331.09,-259.296,-1051.46,2258.26,-286.858,-1018.04,2387.24
-187.997,-313.559,2356.67,-192.034,-496.563,2328.49,-186.968,-644.224,2338.14,-182.112,-866.54,2374.86,-157.676,-830.101,2374.62,-19.6364,-808.815,2324.47,74.2812,-539.217,2352.64,-105.749,-518.335,2194.13,-209.09,-827.477,2387.4,-339.18,-789.131,2403.05,-426.428,-510.979,2424.5,-585.422,-534.766,2241.18,-93.9903,-313.927,2345.6,-90.2651,92.8001,2430.91,-97.0011,458.671,2585.33,-15.1293,605.595,2487.69,-272.767,-313.223,2366.66,-320.292,94.3598,2303.69,-347.91,490.023,2242.24,-415.073,599.658,2117.8,-189.287,-949.148,2357.1,-234.741,-1028.4,2217.53,-188.59,-1054.77,2241.01,-97.0028,-1026.51,2331.2,-258.543,-1052.93,2258.96,-286.02,-1020.06,2388.05
-187.206,-313.27,2355.84,-190.63,-496.063,2326.41,-185.484,-643.725,2335.66,-181.384,-865.95,2372.82,-156.944,-829.521,2372.99,-17.8815,-809.417,2325.3,73.7599,-539.649,2358.48,-106.228,-519.508,2199.88,-208.587,-826.868,2384.77,-338.892,-788.305,2397.68,-431.946,-512.821,2427.09,-578.527,-528.151,2232.9,-93.0634,-313.469,2346.12,-89.9265,93.4425,2430.26,-97.4936,458.844,2585.6,-15.4259,605.763,2488.18,-272.099,-313.087,2364.6,-320.162,94.5418,2302.76,-348.691,490.136,2241.67,-417.706,601.123,2119.5,-188.229,-948.572,2355.05,-234.023,-1032.33,2218.28,-188.041,-1058.12,2242.69,-96.3718,-1027.28,2331.91,-257.985,-1055.28,2260.51,-285.36,-1017.83,2388.35
-186.676,-313.342,2357.17,-190.357,-495.983,2327.6,-185.674,-643.638,2335.54,-181.481,-866.092,2370.33,-157.108,-829.659,2371.02,-17.0392,-808.814,2327.05,76.633,-539.735,2358.44,-105.728,-520.18,2202.75,-208.784,-827.2,2382.54,-339.133,-789.055,2395.29,-432.309,-513.252,2418.78,-571.528,-526.155,2219.27,-92.561,-313.724,2347.81,-89.2256,92.9116,2431.91,-97.2023,458.916,2585.12,-14.8744,606.114,2488.6,-271.544,-312.994,2365.61,-319.75,94.4512,2304.53,-349.389,489.449,2241.89,-417.305,605.217,2123.78,-188.112,-948.474,2351.66,-234.353,-1035.52,2217.25,-187.843,-1060.25,2241.67,-95.6521,-1026.53,2329.17,-257.574,-1057.85,2260.18,-283.996,-1018.09,2387.42
-186.6,-314.609,2357.63,-189.718,-497.716,2328.64,-184.803,-645.601,2337.43,-182.241,-868.264,2373.83,-157.657,-831.874,2374.67,-16.2722,-810.984,2334.1,76.7909,-541.344,2367.5,-99.6586,-520.747,2204.57,-209.597,-829.086,2385.37,-339.887,-788.258,2391.54,-431.337,-510.734,2407.34,-570.893,-529.288,2207.93,-92.2278,-314.854,2349.03,-89.5277,93.0069,2431.17,-97.9739,459.219,2585.84,-14.3314,600.114,2480.68,-271.699,-314.384,2365.38,-320.937,93.301,2301.34,-347.798,490.151,2244.44,-416.048,599.741,2120.26,-188.99,-950.898,2355.57,-228.449,-1033.12,2215.68,-183.565,-1059.23,2241.9,-96.0012,-1029.42,2335.72,-254.345,-1056.61,2256.53,-287.631,-1020.64,2383.58
-186.298,-316.348,2357.04,-189.096,-498.859,2327.23,-184.182,-646.334,2336.68,-180.507,-868.205,2374.31,-156.329,-831.685,2375.49,-13.9671,-811.228,2339.76,79.4787,-542.924,2376.52,-87.5458,-520.598,2205,-208.391,-829.306,2384.97,-338.987,-790.189,2386.27,-435.673,-514.952,2396.35,-561.801,-524.853,2188.31,-92.0739,-316.559,2349.49,-89.4763,90.4936,2430.38,-98.5496,454.645,2587.31,-14.6744,602.783,2493.84,-271.265,-316.154,2363.85,-319.678,91.0775,2303.1,-347.996,486.553,2244.44,-415.999,599.132,2123.49,-186.1,-950.788,2356.42,-218.305,-1033.65,2215.54,-175.077,-1059.65,2244.21,-92.7084,-1029.55,2342.09,-246.345,-1056.7,2255.02,-286.089,-1019.84,2379.56
-181.219,-317.509,2359.49,-183.689,-500.025,2329.73,-178.771,-647.481,2339.37,-176.335,-869.534,2375.95,-152.008,-833.129,2377.49,-7.67811,-813.567,2350.17,77.7709,-542.648,2387.11,-86.4309,-523.365,2212.54,-204.125,-830.566,2386.6,-332.975,-787.407,2375.61,-434.121,-513.765,2384.97,-547.234,-529.509,2169.94,-86.9409,-317.677,2352.7,-86.4635,89.6122,2432.34,-101.037,454.277,2587.61,-12.0017,604.341,2502.36,-266.234,-317.354,2365.62,-317.397,89.104,2302.13,-347.896,484.136,2241.71,-413.948,596.173,2119.2,-182.157,-952.002,2357.63,-214.474,-1032.2,2215.25,-170.663,-1058.24,2242.98,-87.8637,-1029.17,2340.81,-241.865,-1056.48,2254.45,-281.018,-1022.87,2380.09
-180.508,-317.929,2359.37,-182.93,-499.787,2331.14,-178.519,-646.537,2340.89,-177.196,-867.717,2376.15,-153.045,-831.498,2378.61,-7.97354,-813.83,2358.83,79.0951,-546.855,2408,-64.4611,-517.451,2218.84,-205.163,-828.991,2386.11,-333.734,-788.221,2371.47,-435.36,-516.119,2368.02,-536.076,-539.996,2148.94,-86.6033,-318.324,2353.86,-85.7962,86.9181,2433.55,-98.6576,450.153,2587.45,-23.2092,604.857,2499.55,-265.187,-317.57,2364.34,-317.292,86.6735,2300.48,-346.49,480.458,2244.2,-414.68,594.782,2126.3,-182.432,-949.686,2357.29,-211.824,-1027.34,2213.81,-168.086,-1053.05,2241.38,-87.1704,-1024.62,2340.12,-239.076,-1052.68,2252.08,-279.86,-1022.22,2377.3
-178.471,-318.705,2362.9,-180.018,-500.485,2334.31,-175.847,-647.254,2343.5,-176.525,-868.297,2379.39,-152.435,-832.125,2382.8,-6.9095,-812.263,2369.77,78.5069,-547.472,2431.72,-51.8864,-523.374,2232.59,-204.817,-829.495,2388,-330.418,-784.258,2363.95,-433.049,-512.962,2349.25,-520.719,-540.383,2125.08,-84.463,-319.059,2360.07,-84.7212,86.3878,2438.34,-98.9674,449.856,2591.4,-21.8884,591.27,2484.62,-263.242,-318.382,2365.45,-318.295,84.4648,2295.95,-343.305,479.784,2249.8,-410.569,591.15,2128.63,-181.098,-950.295,2360.55,-208.965,-1028.38,2217.03,-165.605,-1054.07,2245.19,-85.8015,-1025.45,2344.74,-236.702,-1053.52,2255.06,-278.872,-1022.57,2379.67
-177.776,-318.68,2364.01,-178.82,-500.651,2336.42,-174.509,-647.379,2346.58,-173.046,-868.463,2382.44,-149.561,-831.951,2386.5,-3.80906,-809.788,2382.66,75.1019,-544.342,2450.4,-29.4877,-522.154,2236.33,-202.105,-830.058,2390.3,-324.027,-782.316,2354.76,-431.393,-513.545,2329.95,-497.829,-545.918,2099.19,-83.7305,-318.909,2361.96,-85.6496,85.354,2446.48,-99.0217,450.547,2595.64,-22.1792,593.556,2490.78,-262.581,-318.47,2365.85,-317.97,84.2518,2295.46,-343.485,479.458,2248.02,-409.907,590.434,2125.99,-175.962,-950.524,2363.48,-194.59,-1028.83,2218.56,-152.492,-1053.92,2249.09,-78.8095,-1024.25,2352.99,-224.044,-1054.44,2254.97,-273.589,-1024.27,2377.06
-177.062,-320.251,2364.24,-178.371,-502.376,2339.37,-174.508,-648.758,2351.76,-172.345,-870.032,2384.5,-149.288,-833.46,2389.71,-3.80582,-811.237,2395.7,69.3163,-548.538,2477.64,-11.0158,-521.32,2254.22,-201.861,-832.003,2392.09,-318.127,-782.308,2343.37,-428.527,-515.565,2314.6,-469.178,-560.979,2080.4,-83.1238,-320.739,2362.87,-85.4134,81.5053,2454.19,-97.1406,447.093,2601.19,-24.8547,586.506,2488.95,-261.77,-319.808,2365.48,-317.649,82.1769,2294.32,-342.318,476.914,2246.77,-410.696,590.388,2128.5,-174.116,-951.732,2364.35,-192.515,-1022.39,2215.76,-149.755,-1048.26,2244.54,-75.8357,-1022.85,2349.19,-221.141,-1050.44,2250.91,-270.122,-1027.84,2374.67
-174.824,-324.343,2365.92,-175.158,-506.383,2341.17,-171.6,-652.611,2354.43,-170.68,-873.605,2388.24,-148.201,-836.924,2394.82,-4.21041,-810.856,2410.86,57.852,-553.295,2514.73,18.5574,-508.562,2283.43,-200.791,-835.704,2393.65,-315.204,-787.48,2339.57,-419.949,-524.402,2277.2,-441.134,-560.881,2039.05,-80.9452,-324.753,2367.67,-84.8877,75.9945,2464.3,-96.018,444.027,2604.48,-24.4982,586.834,2496.28,-259.478,-323.97,2364.35,-316.64,77.4668,2292.48,-339.503,472.711,2250.46,-409.963,590.817,2138.25,-170.73,-955.351,2368.41,-177.988,-1023.96,2218,-137.188,-1049.91,2249.37,-71.1076,-1025.51,2359.28,-208.785,-1052.69,2250.63,-266.551,-1032.23,2370.83
-173.023,-325.081,2367.1,-172.428,-507.669,2343.64,-168.971,-654.232,2356.54,-168.793,-876.073,2387.71,-146.641,-839.353,2395.63,-5.18779,-820.073,2432.75,49.6546,-554.126,2519.76,36.9791,-513.563,2284.24,-199.254,-838.23,2392.4,-305.355,-786.894,2325.16,-412.491,-530.595,2240.04,-407.001,-549.862,1998.51,-79.0378,-325.335,2371.45,-85.0271,74.1949,2476.25,-95.2307,446.509,2607.14,-25.1367,582.198,2488.63,-257.773,-324.85,2363.17,-315.179,77.4536,2291.54,-338.826,473.327,2248.23,-411.32,592.526,2137.93,-167.845,-957.733,2366.84,-172.359,-1024.28,2215.05,-131.636,-1050.34,2246.64,-67.1788,-1026.86,2358.02,-203.356,-1053.87,2246.88,-263.077,-1035.78,2366.81
-169.461,-326.161,2371.13,-168.616,-509.335,2344.34,-166.587,-656.839,2356.24,-167.867,-879.4,2391.13,-146.286,-842.262,2399.98,-6.84623,-822.212,2446.43,34.0107,-556.123,2545.19,55.5631,-522.382,2307.87,-198.859,-841.397,2393.16,-307.569,-795.304,2324.75,-394.586,-540.666,2210.93,-378.736,-563.816,1968.84,-75.2645,-327.021,2379.99,-83.7337,74.0461,2487.88,-96.9273,449.31,2616.78,-22.083,586.167,2500.78,-254.402,-325.381,2363.15,-311.662,79.5791,2292.98,-339.173,476.802,2243.95,-411.726,593.998,2129.98,-165.262,-961.838,2371.58,-162.867,-1025.48,2217.48,-122.023,-1050.99,2249.95,-61.4804,-1027.7,2364.4,-193.956,-1056.97,2247.88,-258.235,-1043.48,2366.92
-168.967,-327.816,2370.77,-167.502,-511.507,2346.25,-166.257,-659.103,2359.1,-165.788,-881.563,2396.16,-145.815,-843.84,2406.44,-11.043,-823.614,2465.42,28.1334,-562.077,2577.08,66.1502,-526.892,2341.78,-197.675,-844.196,2395.13,-305.557,-812.899,2317.38,-395.366,-600.067,2137.97,-345.21,-553.222,1903.84,-75.1255,-328.78,2383.6,-85.2978,70.4646,2499.54,-96.3089,450.023,2616.89,-24.3358,579.295,2490.48,-253.588,-326.943,2359.2,-308.633,79.6761,2294.38,-337.219,476.934,2242.74,-414.307,594.808,2132.19,-159.763,-964.183,2377.77,-146.771,-1026.52,2223.48,-108.93,-1053.1,2258.72,-56.8039,-1031.95,2377.79,-180.67,-1057.75,2251.12,-253.643,-1044.14,2365.2
-167.651,-330.13,2372.33,-164.204,-514.975,2347.57,-163.211,-663.507,2360.76,-166.221,-887.2,2399.19,-146.831,-849.23,2410.8,-19.1271,-824.121,2484.28,4.78799,-551.968,2578.29,67.7705,-517.79,2346.62,-198.031,-849.511,2395.55,-291.485,-815.568,2300.58,-354.281,-605.314,2104.33,-291.265,-556.034,1872.16,-74.0372,-330.797,2390.34,-86.1189,69.6584,2511.51,-96.306,454.923,2618.65,-23.4003,580.135,2486.85,-252.066,-329.525,2356.09,-304.758,80.7515,2295.17,-333.268,480.701,2243.95,-409.856,596.451,2129.01,-159.047,-970.472,2381.62,-128.595,-1020.38,2224.12,-92.8937,-1048.4,2261.06,-52.9857,-1034.62,2386.7,-163.776,-1055.11,2246.08,-248.282,-1053.12,2353.88
-166.742,-333.051,2371,-162.742,-518.548,2345.73,-163.034,-667.623,2359.39,-170.29,-891.817,2399.51,-150.89,-853.829,2411.68,-30.1533,-830.224,2497.58,-0.615636,-557.837,2592.76,80.2739,-523.625,2365.71,-201.6,-853.654,2394.23,-287,-812.65,2293.84,-334.172,-568.939,2133.47,-250.699,-568.779,1901.51,-73.6954,-334.092,2393.37,-88.1619,67.7984,2515.15,-101.611,452.59,2629.23,-27.1773,580.305,2499.57,-250.646,-332.109,2350.83,-300.076,81.4581,2298.91,-334.005,481.192,2237.85,-409.025,602.984,2127.09,-163.328,-975.629,2382.83,-121.256,-1018.96,2225.36,-86.6417,-1047.01,2263.65,-54.8843,-1036.11,2392.41,-156.432,-1055.89,2244.02,-247.687,-1060.89,2346.78
-163.948,-333.333,2373.38,-158.52,-518.522,2344.14,-159.369,-667.841,2357.81,-169.854,-891.746,2400.86,-150.071,-853.781,2412.76,-38.3254,-843.814,2512.76,-15.7634,-564.837,2590.64,85.7794,-524.34,2372.68,-200.679,-853.208,2394.75,-275.469,-811.83,2286.08,-319.598,-564.187,2130.02,-206.33,-585.983,1911.69,-71.333,-334.519,2398.09,-90.469,67.2178,2522.1,-105.043,455.981,2624.28,-24.3042,577.574,2492.04,-247.463,-332.26,2351.1,-299.197,81.5568,2297.84,-333.127,482.487,2240.28,-402.378,596.559,2117.69,-163.763,-975.99,2385.33,-120.841,-1020.44,2228.1,-85.3938,-1047.13,2266.76,-53.6205,-1033.66,2395.49,-155.089,-1058.05,2247.37,-246.137,-1063.98,2350.56
-163.126,-333.879,2374.39,-157.777,-518.464,2343.96,-160.088,-667.497,2356.99,-173.568,-891.247,2397.29,-154.145,-853.594,2410.35,-41.2471,-847.038,2508.84,-42.379,-574.269,2606.98,89.1159,-528.776,2407.39,-203.831,-852.558,2390.27,-277.488,-815.505,2279.66,-303.298,-560.133,2133.49,-167.807,-609.55,1933.72,-71.5899,-335.793,2402.08,-92.4451,64.6689,2526.84,-107.069,453.231,2626.29,-18.0714,585.797,2511.71,-245.667,-332.151,2349.42,-295.386,81.0879,2296.97,-326.719,481.69,2241.94,-389.574,602.332,2122.83,-167.292,-975.19,2381.25,-115.542,-1026.27,2229.17,-82.7915,-1051.51,2270.86,-58.7239,-1033,2400.33,-151.147,-1062.74,2247.82,-248.056,-1063.8,2345.28
-160.443,-325.22,2372.74,-154.064,-506.362,2333.23,-158.713,-654.41,2340.66,-170.402,-876.734,2378.07,-153.213,-839.087,2392.86,-29.2834,-822.897,2473.32,-53.6179,-580.49,2625.69,81.2925,-523.735,2434.01,-200.554,-839.016,2368.74,-269.759,-807.844,2254.99,-278.722,-545.872,2124.55,-128.218,-596.97,1939.12,-71.5831,-329.251,2405.56,-93.4268,65.8213,2534.91,-102.179,453.834,2622.33,-26.9203,577.641,2492.12,-240.571,-321.582,2343.14,-291.921,88.2044,2294.62,-322.363,486.709,2251.18,-378.909,603.725,2127.77,-160.911,-959.66,2362.32,-98.685,-1040.97,2230.28,-75.5283,-1062.24,2279.26,-65.6748,-1025.22,2405.39,-140.757,-1069.01,2248.67,-247.398,-1042.19,2329.1
-158.495,-316.5,2371.68,-151.87,-495.471,2329.55,-155.921,-642.493,2330.77,-163.037,-864.031,2362.34,-147.842,-826.594,2378.68,-28.7469,-800.529,2461.57,-60.8987,-575.116,2632.93,82.0125,-526.557,2447.39,-193.494,-827.257,2352.38,-265.07,-803.151,2239.73,-249.018,-541.881,2114.06,-82.4624,-598.58,1947.59,-71.2917,-321.468,2406.5,-93.8184,69.0628,2538.48,-99.7668,454.624,2622.02,-23.231,566.694,2484.52,-237.13,-312.016,2340.27,-285.246,95.4451,2298.63,-315.877,490.313,2252.76,-372.337,593.765,2119.7,-150.477,-945.591,2345.41,-93.0597,-1045.31,2226.16,-71.6454,-1061.55,2277.25,-60.3144,-1010.28,2396.97,-136.469,-1068.14,2247.17,-240.841,-1025.69,2321.74
-158.072,-317.606,2370.63,-150.75,-496.535,2325.09,-155.685,-644.174,2325.19,-165.034,-866.351,2358.53,-150.113,-828.688,2375.12,-35.8822,-803.526,2465.89,-83.3641,-576.768,2633.95,83.8411,-530.989,2467.66,-195.087,-829.352,2347.23,-259.938,-807.193,2229.52,-223.144,-541.014,2116.2,-50.8531,-602.078,1955.69,-71.189,-323.357,2407.2,-96.2806,67.5935,2543.03,-99.9313,455.457,2624.11,-18.3955,583.628,2503.39,-236.418,-312.416,2337.66,-282.846,97.3583,2299.17,-313.518,493.589,2250.12,-356.219,593.6,2108.54,-152.311,-948.471,2342.65,-80.3978,-1050.73,2232.78,-65.8641,-1066.42,2286.66,-69.7725,-1013.23,2406.65,-126.549,-1073.07,2248.35,-239.86,-1028.69,2308.39
-157.518,-319.043,2370.43,-149.916,-499.105,2326.92,-154.921,-647.238,2327.8,-166.877,-869.862,2362.43,-152.17,-832.059,2379.28,-47.5868,-807.112,2481.79,-118.114,-564.011,2617.44,79.8755,-534.249,2483.23,-196.407,-832.616,2349.91,-253.824,-805.311,2228.93,-198.978,-544.866,2107.35,-17.0155,-603.447,1955.58,-70.972,-324.617,2408.62,-97.0874,66.6046,2547.71,-99.5091,457.24,2621.77,-19.7731,571.808,2486.05,-235.559,-314.013,2336,-282.423,96.7979,2294.17,-310.354,495.454,2252.66,-354.569,604.113,2117.3,-154.189,-952.45,2347.45,-77.3199,-1047.96,2234.07,-62.3954,-1065.05,2287.62,-69.1332,-1016.31,2409.83,-122.755,-1072.79,2248.55,-238.491,-1035.14,2309.59
-157.657,-320.379,2370.08,-149.317,-499.861,2324.58,-155.058,-647.925,2324.51,-168.861,-870.384,2359.08,-154.69,-832.599,2376.38,-56.3459,-814.252,2486.14,-137.566,-564.938,2603.05,79.1462,-538.021,2501.2,-197.803,-833.098,2345.41,-248.581,-809.638,2220.76,-185.159,-546.159,2110.64,7.33963,-605.85,1973.08,-72.1067,-326.595,2410.28,-97.5875,65.1129,2547.74,-99.1859,455.778,2621.02,-21.3657,574.97,2488.29,-234.801,-314.771,2333.83,-281.966,95.5992,2289.32,-308.736,494.526,2250.94,-349.228,610.333,2120.5,-155.85,-953.008,2344.72,-71.6939,-1048.46,2236.66,-58.6128,-1064.1,2291.12,-71.8613,-1013.26,2411.89,-117.004,-1074.26,2249.72,-236.175,-1038.69,2305.05
-157.648,-320.382,2370.08,-149.305,-499.867,2324.58,-155.041,-647.935,2324.51,-168.85,-870.403,2359.05,-154.684,-832.618,2376.36,-56.4049,-814.302,2486.19,-137.753,-565.041,2603.14,79.1324,-538.076,2501.66,-197.789,-833.115,2345.37,-248.512,-809.63,2220.7,-184.963,-546.136,2110.67,7.66858,-605.832,1973.29,-72.0974,-326.597,2410.29,-97.5902,65.1185,2547.75,-99.1938,455.793,2621.03,-21.3442,574.964,2488.29,-234.792,-314.774,2333.83,-281.954,95.6026,2289.3,-308.729,494.533,2250.86,-349.154,610.441,2120.49,-155.833,-953.027,2344.69,-71.6472,-1048.44,2236.61,-58.5769,-1064.1,2291.07,-71.8547,-1013.29,2411.85,-116.96,-1074.25,2249.65,-236.147,-1038.7,2304.97
-159.922,-321.788,2364.11,-151.34,-501.645,2319.94,-157.46,-649.73,2321.32,-168.689,-872.739,2353.63,-155.093,-834.94,2371.4,-56.3473,-824.094,2481.85,-155.874,-611.664,2647.5,39.5629,-534.221,2529.59,-198.02,-835.673,2340.15,-240.831,-812.871,2212.38,-153.793,-553.859,2107.7,47.9866,-612.668,1983.59,-74.7388,-327.809,2405.18,-105.757,62.3032,2546.36,-108.272,453.154,2619.25,-16.9206,580.885,2504.18,-236.736,-316.355,2327.08,-282.218,94.1338,2280.83,-307.344,493.17,2241.25,-344.091,623.106,2123.57,-154.553,-955.073,2338.55,-62.8838,-1051.23,2237.38,-52.9312,-1065.81,2292.8,-74.0522,-1013.16,2411.7,-108.608,-1077.4,2248.12,-231.348,-1042.44,2295.57
-159.9,-321.681,2363.94,-151.192,-501.517,2319.72,-157.199,-649.608,2320.9,-168.496,-872.701,2352.58,-155.056,-834.937,2370.53,-58.0968,-824.661,2482.62,-161.426,-615.299,2649.83,35.8073,-534.735,2537.12,-197.756,-835.623,2338.98,-238.901,-812.172,2210.78,-148.35,-553.139,2109.19,57.2506,-613.212,1992.17,-74.7751,-327.688,2405.13,-106.856,62.2194,2546.62,-109.993,452.862,2620.58,-17.0896,582.36,2508.77,-236.661,-316.261,2326.8,-281.88,94.2154,2280.22,-306.811,493.224,2240.3,-340.984,623.473,2122.18,-154.192,-954.987,2337.4,-62.6972,-1050.37,2235.34,-52.4684,-1065.21,2290.65,-73.2232,-1013.22,2409.9,-108.304,-1076.72,2246.15,-230.933,-1042.34,2294.3
-161.908,-319.981,2357.14,-153.656,-500.044,2316.98,-158.374,-647.597,2318.55,-166.324,-870.36,2347.15,-153.618,-832.779,2365.59,-57.79,-820.314,2477.65,-153.068,-633.484,2672.18,24.3295,-536.544,2542.67,-195.971,-833.709,2333.92,-237.643,-807.296,2207.05,-136.783,-552.98,2106.55,77.1945,-606.426,2004.25,-76.838,-325.13,2397.7,-106.95,60.2221,2547.11,-110.289,450.147,2616.33,-23.0072,573.884,2495.19,-238.618,-315.335,2320.57,-282.292,93.8657,2275.82,-304.302,492.077,2242.58,-345.658,631.503,2139.23,-150.721,-951.886,2331.03,-61.3625,-1050.74,2231.48,-52.6804,-1065.56,2286.81,-73.5109,-1012.38,2404.95,-107.899,-1075.24,2241.57,-229.531,-1036.29,2287.21
-162.327,-319.654,2352.55,-154.098,-499.865,2313.7,-158.249,-647.308,2316.37,-165.727,-869.94,2344.79,-152.801,-832.403,2363.09,-57.9484,-823.42,2476.16,-151.656,-644.705,2678.6,16.6357,-537.592,2545.34,-195.54,-833.313,2332.01,-236.007,-807.426,2204.75,-133.979,-552.935,2106.53,83.9816,-601.406,2010.8,-76.7088,-324.214,2391.84,-106.588,58.9163,2546.07,-111.404,448.177,2617.21,-22.7075,575.515,2501.17,-239.533,-315.538,2317.12,-282.655,93.6784,2274.92,-304.427,491.702,2242.92,-345.904,633.477,2143.1,-150.32,-951.38,2328.38,-60.7848,-1050.92,2229.89,-51.8745,-1065,2285.33,-72.6393,-1010.49,2402.77,-107.127,-1075.53,2240.42,-228.744,-1036.68,2285.88
-161.896,-319.679,2351.89,-153.472,-500.226,2313.54,-158.141,-647.817,2317.32,-165.467,-870.641,2346.52,-152.885,-832.953,2364.88,-58.875,-819.277,2478.44,-152.826,-644.623,2684.78,14.4347,-537.866,2549.4,-195.224,-834.095,2333.16,-231.879,-805.638,2205.11,-136.183,-547.198,2109.77,82.8378,-596.062,2015.9,-76.5284,-324.218,2392.01,-106.272,59.6035,2545.96,-110.816,449.799,2614.76,-23.4598,574.93,2494.95,-238.876,-315.582,2315.71,-282.495,94.1689,2274.06,-304.353,492.816,2243.55,-345.808,634.666,2143.43,-149.598,-952.206,2330.63,-51.9282,-1046.74,2234.62,-46.0177,-1062.41,2290.11,-75.0609,-1012.07,2407.84,-98.2931,-1072.69,2241.57,-223.436,-1037.87,2280.81
-162.496,-319.922,2349.43,-153.702,-500.355,2310.13,-158.608,-648.026,2313.68,-165.167,-870.756,2344.68,-152.77,-832.853,2362.78,-64.1314,-816.497,2480.34,-162.429,-643.128,2685.96,5.57059,-533.255,2553.79,-195.044,-834.413,2330.94,-226.656,-804.115,2201.89,-134.888,-542.715,2110.34,84.162,-596.299,2018.79,-77.3653,-324.64,2390.14,-110.277,59.5119,2543.24,-115.306,449.803,2612.73,-22.5672,571.797,2493.55,-239.263,-315.664,2312.71,-282.22,94.6106,2273.3,-303.838,493.593,2244.13,-344.617,632.844,2139.98,-148.937,-952.431,2329.48,-52.4626,-1047.9,2233.02,-44.5535,-1061.92,2288.74,-70.9144,-1008.82,2405.97,-98.1246,-1074.48,2242.13,-222.7,-1040.79,2284.32
-162.347,-319.529,2349.15,-153.703,-499.662,2309.56,-158.572,-647.157,2312.52,-165.287,-869.818,2341.85,-152.897,-832.104,2360.21,-62.5075,-816.052,2476.22,-158.476,-650.177,2688.51,6.01697,-534.147,2557.76,-195.092,-833.403,2328.36,-226.4,-803.091,2199.43,-131.688,-542.49,2109.81,89.2747,-591.839,2021.36,-77.3302,-324.386,2389.81,-111.216,59.469,2541.99,-115.734,449.305,2611.17,-20.1125,573.789,2497.38,-239.01,-315.146,2312.48,-281.561,94.7438,2274.23,-304.13,492.86,2241.23,-343.309,628.043,2131.65,-149.117,-951.285,2326.09,-50.7984,-1045.18,2230.31,-44.456,-1060.4,2285.84,-73.5685,-1009.69,2403.29,-96.7784,-1071.62,2237.64,-222.071,-1038.1,2277.18
-162.348,-319.537,2349.11,-153.71,-499.668,2309.49,-158.574,-647.169,2312.4,-165.253,-869.85,2341.63,-152.866,-832.141,2360.01,-62.374,-816.014,2475.94,-157.948,-649.989,2688.3,5.84415,-533.919,2556.7,-195.066,-833.433,2328.17,-226.413,-803.099,2199.24,-131.825,-542.46,2109.58,89.0799,-591.697,2020.9,-77.3301,-324.405,2389.78,-111.353,59.4129,2542.06,-115.958,449.2,2611.58,-20.0122,574.065,2498.46,-239.012,-315.145,2312.45,-281.551,94.7658,2274.27,-304.107,492.899,2241.33,-343.309,627.932,2131.56,-149.073,-951.311,2325.84,-50.727,-1045.06,2229.94,-44.3536,-1060.33,2285.45,-73.4554,-1009.74,2402.96,-96.6885,-1071.54,2237.26,-221.991,-1038.13,2276.88
-162.349,-319.538,2349.11,-153.712,-499.67,2309.48,-158.578,-647.171,2312.39,-165.258,-869.851,2341.64,-152.869,-832.141,2360.02,-62.3653,-816,2475.93,-157.904,-649.943,2688.28,5.83419,-533.882,2556.6,-195.071,-833.434,2328.17,-226.427,-803.113,2199.25,-131.854,-542.49,2109.52,89.0269,-591.726,2020.78,-77.3307,-324.406,2389.77,-111.353,59.4145,2542.05,-115.953,449.204,2611.56,-20.0009,574.063,2498.44,-239.014,-315.145,2312.44,-281.553,94.7672,2274.27,-304.101,492.906,2241.38,-343.308,628.043,2131.73,-149.079,-951.313,2325.84,-50.7688,-1045.07,2229.92,-44.3702,-1060.33,2285.44,-73.4242,-1009.72,2402.95,-96.7255,-1071.55,2237.27,-222.014,-1038.14,2276.94
-162.413,-319.923,2341.04,-153.635,-499.415,2300.45,-159.203,-646.554,2303.92,-165.046,-868.433,2335.54,-152.879,-830.557,2353.49,-61.2782,-813.555,2468,-157.382,-649.275,2680.63,0.391513,-532.615,2543.28,-194.907,-832.367,2321.64,-227.784,-804.852,2192.77,-137.268,-545.021,2098.75,83.3126,-583.187,2005.39,-77.7418,-325.025,2381.92,-110.2,58.7102,2532.26,-116.464,446.502,2607.6,-20.2045,573.727,2498.18,-238.765,-315.318,2304.18,-281.103,94.125,2270.95,-303.757,491.664,2241.8,-343.284,637.531,2147.77,-148.54,-949.819,2320.71,-52.0581,-1044.76,2224.73,-44.0892,-1058.58,2280.28,-70.5151,-1005.53,2397.01,-97.4482,-1071.41,2233.89,-221.709,-1038.27,2275.93
-162.9,-319.911,2338.81,-154.233,-499.328,2297.62,-159.933,-646.512,2300.75,-168.393,-868.432,2331.95,-155.831,-830.719,2350.01,-62.0456,-814.032,2462.84,-157.668,-646.459,2673.21,-0.0632107,-531.623,2534.02,-197.816,-831.99,2318.04,-229.381,-805.551,2188.59,-137.901,-545.369,2096.22,81.8609,-583.602,2000.8,-78.1806,-325.189,2379.63,-109.082,59.7815,2527.45,-116.633,446.623,2607.99,-22.5382,575.294,2498.28,-239.294,-315.148,2302,-280.708,94.7368,2271.67,-303.497,492.313,2241.55,-344.901,627.276,2133.05,-152.782,-949.998,2317.01,-53.0854,-1044.97,2224.31,-47.9059,-1059.63,2280,-79.1131,-1007.77,2396.12,-99.2029,-1071.14,2230.97,-224.906,-1036.9,2267.62
-164.491,-321.421,2336.97,-155.929,-500.906,2296.67,-161.38,-648.005,2299.15,-168.85,-870.15,2327.7,-156.527,-832.62,2346.22,-61.48,-817.897,2458.12,-155.447,-648.797,2667.73,0.8744,-530.303,2530.48,-198.388,-833.716,2314.15,-236.737,-805.578,2187.01,-138.707,-548.709,2092.78,78.2394,-586.282,1991.3,-80.1641,-326.708,2378.43,-107.724,59.657,2522.38,-116.902,445.045,2608.13,-25.6771,576.331,2499.34,-240.532,-316.651,2299.58,-283.511,92.6552,2267.77,-304.555,490.641,2247.2,-344.066,648.919,2176.2,-152.817,-951.4,2311.86,-54.3709,-1047.87,2219.6,-48.1388,-1061.26,2275.45,-77.5273,-1007.01,2390.85,-100.198,-1074.09,2227.65,-225.312,-1039.64,2265.73
-165.194,-321.263,2334.78,-156.732,-500.635,2294.47,-160.845,-647.697,2296.19,-167.89,-869.784,2324.23,-154.891,-832.366,2342.44,-60.0026,-819.311,2454.57,-153.556,-644.951,2659.77,2.19087,-528.978,2519.99,-197.751,-833.261,2311.77,-238.104,-803.959,2185.61,-138.658,-549.823,2086.15,74.8078,-590.139,1978.86,-79.8231,-326.044,2373.97,-106.852,60.6782,2516.32,-118.709,444.086,2609.21,-25.8587,578.033,2505.36,-242.176,-316.949,2299.43,-282.364,92.4585,2268.57,-302.389,490.045,2244.32,-339.274,639.797,2155.84,-152.579,-950.965,2307.61,-55.7364,-1051.15,2217.82,-50.3731,-1063.83,2273.89,-79.4895,-1007.18,2388.11,-102.244,-1076.08,2225.8,-226.748,-1038.03,2262.11
